segment_key,product_code,segment_product_holding_count,segment_product_customer_count,segment_product_holding_rate
PERSONA_001|INCOME_B_001|LIFESTAG_001,CC,19,28,0.6785714285714286
PERSONA_001|INCOME_B_001|LIFESTAG_001,HL,0,28,0.0
PERSONA_001|INCOME_B_001|LIFESTAG_001,MF,8,28,0.2857142857142857
PERSONA_001|INCOME_B_001|LIFESTAG_001,PL,1,28,0.03571428571428571
PERSONA_001|INCOME_B_001|LIFESTAG_001,RD,7,28,0.25
PERSONA_001|INCOME_B_001|LIFESTAG_001,SA,28,28,1.0
PERSONA_001|INCOME_B_001|LIFESTAG_002,CC,219,458,0.4781659388646288
PERSONA_001|INCOME_B_001|LIFESTAG_002,HL,64,458,0.13973799126637554
PERSONA_001|INCOME_B_001|LIFESTAG_002,MF,123,458,0.2685589519650655
PERSONA_001|INCOME_B_001|LIFESTAG_002,PL,103,458,0.22489082969432314
PERSONA_001|INCOME_B_001|LIFESTAG_002,RD,108,458,0.23580786026200873
PERSONA_001|INCOME_B_001|LIFESTAG_002,SA,430,458,0.9388646288209607
PERSONA_001|INCOME_B_001|LIFESTAG_003,CC,95,188,0.5053191489361702
PERSONA_001|INCOME_B_001|LIFESTAG_003,HL,20,188,0.10638297872340426
PERSONA_001|INCOME_B_001|LIFESTAG_003,MF,58,188,0.30851063829787234
PERSONA_001|INCOME_B_001|LIFESTAG_003,PL,34,188,0.18085106382978725
PERSONA_001|INCOME_B_001|LIFESTAG_003,RD,24,188,0.1276595744680851
PERSONA_001|INCOME_B_001|LIFESTAG_003,SA,176,188,0.9361702127659575
PERSONA_001|INCOME_B_001|LIFESTAG_004,CC,47,102,0.46078431372549017
PERSONA_001|INCOME_B_001|LIFESTAG_004,HL,8,102,0.0784313725490196
PERSONA_001|INCOME_B_001|LIFESTAG_004,MF,27,102,0.2647058823529412
PERSONA_001|INCOME_B_001|LIFESTAG_004,PL,25,102,0.24509803921568626
PERSONA_001|INCOME_B_001|LIFESTAG_004,RD,29,102,0.28431372549019607
PERSONA_001|INCOME_B_001|LIFESTAG_004,SA,95,102,0.9313725490196079
PERSONA_001|INCOME_B_001|LIFESTAG_006,CC,63,130,0.4846153846153846
PERSONA_001|INCOME_B_001|LIFESTAG_006,HL,13,130,0.1
PERSONA_001|INCOME_B_001|LIFESTAG_006,MF,43,130,0.33076923076923076
PERSONA_001|INCOME_B_001|LIFESTAG_006,PL,33,130,0.25384615384615383
PERSONA_001|INCOME_B_001|LIFESTAG_006,RD,21,130,0.16153846153846155
PERSONA_001|INCOME_B_001|LIFESTAG_006,SA,126,130,0.9692307692307692
PERSONA_001|INCOME_B_002|LIFESTAG_001,CC,13,25,0.52
PERSONA_001|INCOME_B_002|LIFESTAG_001,HL,0,25,0.0
PERSONA_001|INCOME_B_002|LIFESTAG_001,MF,6,25,0.24
PERSONA_001|INCOME_B_002|LIFESTAG_001,PL,4,25,0.16
PERSONA_001|INCOME_B_002|LIFESTAG_001,RD,4,25,0.16
PERSONA_001|INCOME_B_002|LIFESTAG_001,SA,22,25,0.88
PERSONA_001|INCOME_B_002|LIFESTAG_002,CC,199,436,0.45642201834862384
PERSONA_001|INCOME_B_002|LIFESTAG_002,HL,56,436,0.12844036697247707
PERSONA_001|INCOME_B_002|LIFESTAG_002,MF,118,436,0.2706422018348624
PERSONA_001|INCOME_B_002|LIFESTAG_002,PL,79,436,0.1811926605504587
PERSONA_001|INCOME_B_002|LIFESTAG_002,RD,101,436,0.231651376146789
PERSONA_001|INCOME_B_002|LIFESTAG_002,SA,414,436,0.9495412844036697
PERSONA_001|INCOME_B_002|LIFESTAG_003,CC,70,162,0.43209876543209874
PERSONA_001|INCOME_B_002|LIFESTAG_003,HL,13,162,0.08024691358024691
PERSONA_001|INCOME_B_002|LIFESTAG_003,MF,39,162,0.24074074074074073
PERSONA_001|INCOME_B_002|LIFESTAG_003,PL,42,162,0.25925925925925924
PERSONA_001|INCOME_B_002|LIFESTAG_003,RD,33,162,0.2037037037037037
PERSONA_001|INCOME_B_002|LIFESTAG_003,SA,152,162,0.9382716049382716
PERSONA_001|INCOME_B_002|LIFESTAG_004,CC,39,103,0.3786407766990291
PERSONA_001|INCOME_B_002|LIFESTAG_004,HL,9,103,0.08737864077669903
PERSONA_001|INCOME_B_002|LIFESTAG_004,MF,39,103,0.3786407766990291
PERSONA_001|INCOME_B_002|LIFESTAG_004,PL,29,103,0.2815533980582524
PERSONA_001|INCOME_B_002|LIFESTAG_004,RD,26,103,0.2524271844660194
PERSONA_001|INCOME_B_002|LIFESTAG_004,SA,96,103,0.9320388349514563
PERSONA_001|INCOME_B_002|LIFESTAG_006,CC,62,130,0.47692307692307695
PERSONA_001|INCOME_B_002|LIFESTAG_006,HL,7,130,0.05384615384615385
PERSONA_001|INCOME_B_002|LIFESTAG_006,MF,38,130,0.2923076923076923
PERSONA_001|INCOME_B_002|LIFESTAG_006,PL,24,130,0.18461538461538463
PERSONA_001|INCOME_B_002|LIFESTAG_006,RD,23,130,0.17692307692307693
PERSONA_001|INCOME_B_002|LIFESTAG_006,SA,125,130,0.9615384615384616
PERSONA_001|INCOME_B_003|LIFESTAG_001,CC,1,5,0.2
PERSONA_001|INCOME_B_003|LIFESTAG_001,HL,0,5,0.0
PERSONA_001|INCOME_B_003|LIFESTAG_001,MF,0,5,0.0
PERSONA_001|INCOME_B_003|LIFESTAG_001,PL,0,5,0.0
PERSONA_001|INCOME_B_003|LIFESTAG_001,RD,1,5,0.2
PERSONA_001|INCOME_B_003|LIFESTAG_001,SA,5,5,1.0
PERSONA_001|INCOME_B_003|LIFESTAG_002,CC,10,53,0.18867924528301888
PERSONA_001|INCOME_B_003|LIFESTAG_002,HL,1,53,0.018867924528301886
PERSONA_001|INCOME_B_003|LIFESTAG_002,MF,5,53,0.09433962264150944
PERSONA_001|INCOME_B_003|LIFESTAG_002,PL,4,53,0.07547169811320754
PERSONA_001|INCOME_B_003|LIFESTAG_002,RD,10,53,0.18867924528301888
PERSONA_001|INCOME_B_003|LIFESTAG_002,SA,52,53,0.9811320754716981
PERSONA_001|INCOME_B_003|LIFESTAG_003,CC,3,24,0.125
PERSONA_001|INCOME_B_003|LIFESTAG_003,HL,0,24,0.0
PERSONA_001|INCOME_B_003|LIFESTAG_003,MF,1,24,0.041666666666666664
PERSONA_001|INCOME_B_003|LIFESTAG_003,PL,1,24,0.041666666666666664
PERSONA_001|INCOME_B_003|LIFESTAG_003,RD,2,24,0.08333333333333333
PERSONA_001|INCOME_B_003|LIFESTAG_003,SA,24,24,1.0
PERSONA_001|INCOME_B_003|LIFESTAG_004,CC,1,7,0.14285714285714285
PERSONA_001|INCOME_B_003|LIFESTAG_004,HL,0,7,0.0
PERSONA_001|INCOME_B_003|LIFESTAG_004,MF,1,7,0.14285714285714285
PERSONA_001|INCOME_B_003|LIFESTAG_004,PL,0,7,0.0
PERSONA_001|INCOME_B_003|LIFESTAG_004,RD,2,7,0.2857142857142857
PERSONA_001|INCOME_B_003|LIFESTAG_004,SA,6,7,0.8571428571428571
PERSONA_001|INCOME_B_003|LIFESTAG_006,CC,4,16,0.25
PERSONA_001|INCOME_B_003|LIFESTAG_006,HL,1,16,0.0625
PERSONA_001|INCOME_B_003|LIFESTAG_006,MF,3,16,0.1875
PERSONA_001|INCOME_B_003|LIFESTAG_006,PL,2,16,0.125
PERSONA_001|INCOME_B_003|LIFESTAG_006,RD,1,16,0.0625
PERSONA_001|INCOME_B_003|LIFESTAG_006,SA,15,16,0.9375
PERSONA_001|INCOME_B_004|LIFESTAG_001,CC,10,35,0.2857142857142857
PERSONA_001|INCOME_B_004|LIFESTAG_001,HL,1,35,0.02857142857142857
PERSONA_001|INCOME_B_004|LIFESTAG_001,MF,2,35,0.05714285714285714
PERSONA_001|INCOME_B_004|LIFESTAG_001,PL,3,35,0.08571428571428572
PERSONA_001|INCOME_B_004|LIFESTAG_001,RD,8,35,0.22857142857142856
PERSONA_001|INCOME_B_004|LIFESTAG_001,SA,35,35,1.0
PERSONA_001|INCOME_B_004|LIFESTAG_002,CC,56,253,0.22134387351778656
PERSONA_001|INCOME_B_004|LIFESTAG_002,HL,25,253,0.09881422924901186
PERSONA_001|INCOME_B_004|LIFESTAG_002,MF,27,253,0.1067193675889328
PERSONA_001|INCOME_B_004|LIFESTAG_002,PL,44,253,0.17391304347826086
PERSONA_001|INCOME_B_004|LIFESTAG_002,RD,58,253,0.22924901185770752
PERSONA_001|INCOME_B_004|LIFESTAG_002,SA,244,253,0.9644268774703557
PERSONA_001|INCOME_B_004|LIFESTAG_003,CC,21,122,0.1721311475409836
PERSONA_001|INCOME_B_004|LIFESTAG_003,HL,4,122,0.03278688524590164
PERSONA_001|INCOME_B_004|LIFESTAG_003,MF,17,122,0.13934426229508196
PERSONA_001|INCOME_B_004|LIFESTAG_003,PL,19,122,0.1557377049180328
PERSONA_001|INCOME_B_004|LIFESTAG_003,RD,25,122,0.20491803278688525
PERSONA_001|INCOME_B_004|LIFESTAG_003,SA,110,122,0.9016393442622951
PERSONA_001|INCOME_B_004|LIFESTAG_004,CC,6,53,0.11320754716981132
PERSONA_001|INCOME_B_004|LIFESTAG_004,HL,2,53,0.03773584905660377
PERSONA_001|INCOME_B_004|LIFESTAG_004,MF,3,53,0.05660377358490566
PERSONA_001|INCOME_B_004|LIFESTAG_004,PL,7,53,0.1320754716981132
PERSONA_001|INCOME_B_004|LIFESTAG_004,RD,9,53,0.16981132075471697
PERSONA_001|INCOME_B_004|LIFESTAG_004,SA,50,53,0.9433962264150944
PERSONA_001|INCOME_B_004|LIFESTAG_006,CC,23,107,0.21495327102803738
PERSONA_001|INCOME_B_004|LIFESTAG_006,HL,3,107,0.028037383177570093
PERSONA_001|INCOME_B_004|LIFESTAG_006,MF,8,107,0.07476635514018691
PERSONA_001|INCOME_B_004|LIFESTAG_006,PL,13,107,0.12149532710280374
PERSONA_001|INCOME_B_004|LIFESTAG_006,RD,24,107,0.22429906542056074
PERSONA_001|INCOME_B_004|LIFESTAG_006,SA,103,107,0.9626168224299065
PERSONA_002|INCOME_B_001|LIFESTAG_001,CC,7,10,0.7
PERSONA_002|INCOME_B_001|LIFESTAG_001,HL,0,10,0.0
PERSONA_002|INCOME_B_001|LIFESTAG_001,MF,3,10,0.3
PERSONA_002|INCOME_B_001|LIFESTAG_001,PL,0,10,0.0
PERSONA_002|INCOME_B_001|LIFESTAG_001,RD,2,10,0.2
PERSONA_002|INCOME_B_001|LIFESTAG_001,SA,8,10,0.8
PERSONA_002|INCOME_B_001|LIFESTAG_002,CC,161,330,0.48787878787878786
PERSONA_002|INCOME_B_001|LIFESTAG_002,HL,46,330,0.1393939393939394
PERSONA_002|INCOME_B_001|LIFESTAG_002,MF,98,330,0.296969696969697
PERSONA_002|INCOME_B_001|LIFESTAG_002,PL,72,330,0.21818181818181817
PERSONA_002|INCOME_B_001|LIFESTAG_002,RD,121,330,0.36666666666666664
PERSONA_002|INCOME_B_001|LIFESTAG_002,SA,306,330,0.9272727272727272
PERSONA_002|INCOME_B_001|LIFESTAG_003,CC,64,125,0.512
PERSONA_002|INCOME_B_001|LIFESTAG_003,HL,12,125,0.096
PERSONA_002|INCOME_B_001|LIFESTAG_003,MF,43,125,0.344
PERSONA_002|INCOME_B_001|LIFESTAG_003,PL,31,125,0.248
PERSONA_002|INCOME_B_001|LIFESTAG_003,RD,43,125,0.344
PERSONA_002|INCOME_B_001|LIFESTAG_003,SA,122,125,0.976
PERSONA_002|INCOME_B_001|LIFESTAG_004,CC,42,69,0.6086956521739131
PERSONA_002|INCOME_B_001|LIFESTAG_004,HL,11,69,0.15942028985507245
PERSONA_002|INCOME_B_001|LIFESTAG_004,MF,16,69,0.2318840579710145
PERSONA_002|INCOME_B_001|LIFESTAG_004,PL,17,69,0.2463768115942029
PERSONA_002|INCOME_B_001|LIFESTAG_004,RD,24,69,0.34782608695652173
PERSONA_002|INCOME_B_001|LIFESTAG_004,SA,65,69,0.9420289855072463
PERSONA_002|INCOME_B_001|LIFESTAG_005,CC,41,128,0.3203125
PERSONA_002|INCOME_B_001|LIFESTAG_005,HL,5,128,0.0390625
PERSONA_002|INCOME_B_001|LIFESTAG_005,MF,37,128,0.2890625
PERSONA_002|INCOME_B_001|LIFESTAG_005,PL,19,128,0.1484375
PERSONA_002|INCOME_B_001|LIFESTAG_005,RD,54,128,0.421875
PERSONA_002|INCOME_B_001|LIFESTAG_005,SA,122,128,0.953125
PERSONA_002|INCOME_B_001|LIFESTAG_006,CC,44,95,0.4631578947368421
PERSONA_002|INCOME_B_001|LIFESTAG_006,HL,9,95,0.09473684210526316
PERSONA_002|INCOME_B_001|LIFESTAG_006,MF,31,95,0.3263157894736842
PERSONA_002|INCOME_B_001|LIFESTAG_006,PL,18,95,0.18947368421052632
PERSONA_002|INCOME_B_001|LIFESTAG_006,RD,30,95,0.3157894736842105
PERSONA_002|INCOME_B_001|LIFESTAG_006,SA,94,95,0.9894736842105263
PERSONA_002|INCOME_B_002|LIFESTAG_001,CC,1,2,0.5
PERSONA_002|INCOME_B_002|LIFESTAG_001,HL,0,2,0.0
PERSONA_002|INCOME_B_002|LIFESTAG_001,MF,1,2,0.5
PERSONA_002|INCOME_B_002|LIFESTAG_001,PL,0,2,0.0
PERSONA_002|INCOME_B_002|LIFESTAG_001,RD,1,2,0.5
PERSONA_002|INCOME_B_002|LIFESTAG_001,SA,2,2,1.0
PERSONA_002|INCOME_B_002|LIFESTAG_002,CC,14,35,0.4
PERSONA_002|INCOME_B_002|LIFESTAG_002,HL,3,35,0.08571428571428572
PERSONA_002|INCOME_B_002|LIFESTAG_002,MF,9,35,0.2571428571428571
PERSONA_002|INCOME_B_002|LIFESTAG_002,PL,7,35,0.2
PERSONA_002|INCOME_B_002|LIFESTAG_002,RD,9,35,0.2571428571428571
PERSONA_002|INCOME_B_002|LIFESTAG_002,SA,29,35,0.8285714285714286
PERSONA_002|INCOME_B_002|LIFESTAG_003,CC,6,11,0.5454545454545454
PERSONA_002|INCOME_B_002|LIFESTAG_003,HL,1,11,0.09090909090909091
PERSONA_002|INCOME_B_002|LIFESTAG_003,MF,2,11,0.18181818181818182
PERSONA_002|INCOME_B_002|LIFESTAG_003,PL,2,11,0.18181818181818182
PERSONA_002|INCOME_B_002|LIFESTAG_003,RD,3,11,0.2727272727272727
PERSONA_002|INCOME_B_002|LIFESTAG_003,SA,11,11,1.0
PERSONA_002|INCOME_B_002|LIFESTAG_004,CC,2,4,0.5
PERSONA_002|INCOME_B_002|LIFESTAG_004,HL,0,4,0.0
PERSONA_002|INCOME_B_002|LIFESTAG_004,MF,0,4,0.0
PERSONA_002|INCOME_B_002|LIFESTAG_004,PL,0,4,0.0
PERSONA_002|INCOME_B_002|LIFESTAG_004,RD,2,4,0.5
PERSONA_002|INCOME_B_002|LIFESTAG_004,SA,4,4,1.0
PERSONA_002|INCOME_B_002|LIFESTAG_005,CC,14,27,0.5185185185185185
PERSONA_002|INCOME_B_002|LIFESTAG_005,HL,2,27,0.07407407407407407
PERSONA_002|INCOME_B_002|LIFESTAG_005,MF,6,27,0.2222222222222222
PERSONA_002|INCOME_B_002|LIFESTAG_005,PL,2,27,0.07407407407407407
PERSONA_002|INCOME_B_002|LIFESTAG_005,RD,14,27,0.5185185185185185
PERSONA_002|INCOME_B_002|LIFESTAG_005,SA,26,27,0.9629629629629629
PERSONA_002|INCOME_B_002|LIFESTAG_006,CC,10,18,0.5555555555555556
PERSONA_002|INCOME_B_002|LIFESTAG_006,HL,1,18,0.05555555555555555
PERSONA_002|INCOME_B_002|LIFESTAG_006,MF,3,18,0.16666666666666666
PERSONA_002|INCOME_B_002|LIFESTAG_006,PL,5,18,0.2777777777777778
PERSONA_002|INCOME_B_002|LIFESTAG_006,RD,5,18,0.2777777777777778
PERSONA_002|INCOME_B_002|LIFESTAG_006,SA,16,18,0.8888888888888888
PERSONA_002|INCOME_B_003|LIFESTAG_001,CC,6,16,0.375
PERSONA_002|INCOME_B_003|LIFESTAG_001,HL,0,16,0.0
PERSONA_002|INCOME_B_003|LIFESTAG_001,MF,2,16,0.125
PERSONA_002|INCOME_B_003|LIFESTAG_001,PL,1,16,0.0625
PERSONA_002|INCOME_B_003|LIFESTAG_001,RD,2,16,0.125
PERSONA_002|INCOME_B_003|LIFESTAG_001,SA,14,16,0.875
PERSONA_002|INCOME_B_003|LIFESTAG_002,CC,23,120,0.19166666666666668
PERSONA_002|INCOME_B_003|LIFESTAG_002,HL,9,120,0.075
PERSONA_002|INCOME_B_003|LIFESTAG_002,MF,14,120,0.11666666666666667
PERSONA_002|INCOME_B_003|LIFESTAG_002,PL,11,120,0.09166666666666666
PERSONA_002|INCOME_B_003|LIFESTAG_002,RD,36,120,0.3
PERSONA_002|INCOME_B_003|LIFESTAG_002,SA,115,120,0.9583333333333334
PERSONA_002|INCOME_B_003|LIFESTAG_003,CC,8,30,0.26666666666666666
PERSONA_002|INCOME_B_003|LIFESTAG_003,HL,1,30,0.03333333333333333
PERSONA_002|INCOME_B_003|LIFESTAG_003,MF,5,30,0.16666666666666666
PERSONA_002|INCOME_B_003|LIFESTAG_003,PL,2,30,0.06666666666666667
PERSONA_002|INCOME_B_003|LIFESTAG_003,RD,8,30,0.26666666666666666
PERSONA_002|INCOME_B_003|LIFESTAG_003,SA,28,30,0.9333333333333333
PERSONA_002|INCOME_B_003|LIFESTAG_004,CC,6,15,0.4
PERSONA_002|INCOME_B_003|LIFESTAG_004,HL,1,15,0.06666666666666667
PERSONA_002|INCOME_B_003|LIFESTAG_004,MF,3,15,0.2
PERSONA_002|INCOME_B_003|LIFESTAG_004,PL,0,15,0.0
PERSONA_002|INCOME_B_003|LIFESTAG_004,RD,2,15,0.13333333333333333
PERSONA_002|INCOME_B_003|LIFESTAG_004,SA,14,15,0.9333333333333333
PERSONA_002|INCOME_B_003|LIFESTAG_005,CC,4,27,0.14814814814814814
PERSONA_002|INCOME_B_003|LIFESTAG_005,HL,1,27,0.037037037037037035
PERSONA_002|INCOME_B_003|LIFESTAG_005,MF,2,27,0.07407407407407407
PERSONA_002|INCOME_B_003|LIFESTAG_005,PL,0,27,0.0
PERSONA_002|INCOME_B_003|LIFESTAG_005,RD,9,27,0.3333333333333333
PERSONA_002|INCOME_B_003|LIFESTAG_005,SA,26,27,0.9629629629629629
PERSONA_002|INCOME_B_003|LIFESTAG_006,CC,7,35,0.2
PERSONA_002|INCOME_B_003|LIFESTAG_006,HL,3,35,0.08571428571428572
PERSONA_002|INCOME_B_003|LIFESTAG_006,MF,2,35,0.05714285714285714
PERSONA_002|INCOME_B_003|LIFESTAG_006,PL,5,35,0.14285714285714285
PERSONA_002|INCOME_B_003|LIFESTAG_006,RD,10,35,0.2857142857142857
PERSONA_002|INCOME_B_003|LIFESTAG_006,SA,32,35,0.9142857142857143
PERSONA_002|INCOME_B_004|LIFESTAG_001,CC,7,17,0.4117647058823529
PERSONA_002|INCOME_B_004|LIFESTAG_001,HL,1,17,0.058823529411764705
PERSONA_002|INCOME_B_004|LIFESTAG_001,MF,2,17,0.11764705882352941
PERSONA_002|INCOME_B_004|LIFESTAG_001,PL,3,17,0.17647058823529413
PERSONA_002|INCOME_B_004|LIFESTAG_001,RD,4,17,0.23529411764705882
PERSONA_002|INCOME_B_004|LIFESTAG_001,SA,16,17,0.9411764705882353
PERSONA_002|INCOME_B_004|LIFESTAG_002,CC,63,248,0.2540322580645161
PERSONA_002|INCOME_B_004|LIFESTAG_002,HL,17,248,0.06854838709677419
PERSONA_002|INCOME_B_004|LIFESTAG_002,MF,27,248,0.10887096774193548
PERSONA_002|INCOME_B_004|LIFESTAG_002,PL,32,248,0.12903225806451613
PERSONA_002|INCOME_B_004|LIFESTAG_002,RD,78,248,0.31451612903225806
PERSONA_002|INCOME_B_004|LIFESTAG_002,SA,236,248,0.9516129032258065
PERSONA_002|INCOME_B_004|LIFESTAG_003,CC,25,96,0.2604166666666667
PERSONA_002|INCOME_B_004|LIFESTAG_003,HL,1,96,0.010416666666666666
PERSONA_002|INCOME_B_004|LIFESTAG_003,MF,17,96,0.17708333333333334
PERSONA_002|INCOME_B_004|LIFESTAG_003,PL,13,96,0.13541666666666666
PERSONA_002|INCOME_B_004|LIFESTAG_003,RD,24,96,0.25
PERSONA_002|INCOME_B_004|LIFESTAG_003,SA,90,96,0.9375
PERSONA_002|INCOME_B_004|LIFESTAG_004,CC,11,39,0.28205128205128205
PERSONA_002|INCOME_B_004|LIFESTAG_004,HL,1,39,0.02564102564102564
PERSONA_002|INCOME_B_004|LIFESTAG_004,MF,7,39,0.1794871794871795
PERSONA_002|INCOME_B_004|LIFESTAG_004,PL,6,39,0.15384615384615385
PERSONA_002|INCOME_B_004|LIFESTAG_004,RD,16,39,0.41025641025641024
PERSONA_002|INCOME_B_004|LIFESTAG_004,SA,38,39,0.9743589743589743
PERSONA_002|INCOME_B_004|LIFESTAG_005,CC,12,73,0.1643835616438356
PERSONA_002|INCOME_B_004|LIFESTAG_005,HL,1,73,0.0136986301369863
PERSONA_002|INCOME_B_004|LIFESTAG_005,MF,5,73,0.0684931506849315
PERSONA_002|INCOME_B_004|LIFESTAG_005,PL,9,73,0.1232876712328767
PERSONA_002|INCOME_B_004|LIFESTAG_005,RD,30,73,0.410958904109589
PERSONA_002|INCOME_B_004|LIFESTAG_005,SA,69,73,0.9452054794520548
PERSONA_002|INCOME_B_004|LIFESTAG_006,CC,12,67,0.1791044776119403
PERSONA_002|INCOME_B_004|LIFESTAG_006,HL,1,67,0.014925373134328358
PERSONA_002|INCOME_B_004|LIFESTAG_006,MF,8,67,0.11940298507462686
PERSONA_002|INCOME_B_004|LIFESTAG_006,PL,8,67,0.11940298507462686
PERSONA_002|INCOME_B_004|LIFESTAG_006,RD,12,67,0.1791044776119403
PERSONA_002|INCOME_B_004|LIFESTAG_006,SA,66,67,0.9850746268656716
PERSONA_003|INCOME_B_001|LIFESTAG_001,CC,108,218,0.4954128440366973
PERSONA_003|INCOME_B_001|LIFESTAG_001,HL,6,218,0.027522935779816515
PERSONA_003|INCOME_B_001|LIFESTAG_001,MF,72,218,0.3302752293577982
PERSONA_003|INCOME_B_001|LIFESTAG_001,PL,40,218,0.1834862385321101
PERSONA_003|INCOME_B_001|LIFESTAG_001,RD,37,218,0.16972477064220184
PERSONA_003|INCOME_B_001|LIFESTAG_001,SA,200,218,0.9174311926605505
PERSONA_003|INCOME_B_001|LIFESTAG_002,CC,36,67,0.5373134328358209
PERSONA_003|INCOME_B_001|LIFESTAG_002,HL,5,67,0.07462686567164178
PERSONA_003|INCOME_B_001|LIFESTAG_002,MF,17,67,0.2537313432835821
PERSONA_003|INCOME_B_001|LIFESTAG_002,PL,15,67,0.22388059701492538
PERSONA_003|INCOME_B_001|LIFESTAG_002,RD,10,67,0.14925373134328357
PERSONA_003|INCOME_B_001|LIFESTAG_002,SA,63,67,0.9402985074626866
PERSONA_003|INCOME_B_001|LIFESTAG_003,CC,29,58,0.5
PERSONA_003|INCOME_B_001|LIFESTAG_003,HL,3,58,0.05172413793103448
PERSONA_003|INCOME_B_001|LIFESTAG_003,MF,16,58,0.27586206896551724
PERSONA_003|INCOME_B_001|LIFESTAG_003,PL,11,58,0.1896551724137931
PERSONA_003|INCOME_B_001|LIFESTAG_003,RD,5,58,0.08620689655172414
PERSONA_003|INCOME_B_001|LIFESTAG_003,SA,56,58,0.9655172413793104
PERSONA_003|INCOME_B_001|LIFESTAG_006,CC,166,289,0.5743944636678201
PERSONA_003|INCOME_B_001|LIFESTAG_006,HL,19,289,0.0657439446366782
PERSONA_003|INCOME_B_001|LIFESTAG_006,MF,82,289,0.2837370242214533
PERSONA_003|INCOME_B_001|LIFESTAG_006,PL,58,289,0.20069204152249134
PERSONA_003|INCOME_B_001|LIFESTAG_006,RD,62,289,0.21453287197231835
PERSONA_003|INCOME_B_001|LIFESTAG_006,SA,270,289,0.9342560553633218
PERSONA_003|INCOME_B_002|LIFESTAG_001,CC,4,7,0.5714285714285714
PERSONA_003|INCOME_B_002|LIFESTAG_001,HL,0,7,0.0
PERSONA_003|INCOME_B_002|LIFESTAG_001,MF,1,7,0.14285714285714285
PERSONA_003|INCOME_B_002|LIFESTAG_001,PL,1,7,0.14285714285714285
PERSONA_003|INCOME_B_002|LIFESTAG_001,RD,2,7,0.2857142857142857
PERSONA_003|INCOME_B_002|LIFESTAG_001,SA,7,7,1.0
PERSONA_003|INCOME_B_002|LIFESTAG_002,CC,0,1,0.0
PERSONA_003|INCOME_B_002|LIFESTAG_002,HL,0,1,0.0
PERSONA_003|INCOME_B_002|LIFESTAG_002,MF,0,1,0.0
PERSONA_003|INCOME_B_002|LIFESTAG_002,PL,0,1,0.0
PERSONA_003|INCOME_B_002|LIFESTAG_002,RD,0,1,0.0
PERSONA_003|INCOME_B_002|LIFESTAG_002,SA,1,1,1.0
PERSONA_003|INCOME_B_002|LIFESTAG_003,CC,0,2,0.0
PERSONA_003|INCOME_B_002|LIFESTAG_003,HL,0,2,0.0
PERSONA_003|INCOME_B_002|LIFESTAG_003,MF,0,2,0.0
PERSONA_003|INCOME_B_002|LIFESTAG_003,PL,0,2,0.0
PERSONA_003|INCOME_B_002|LIFESTAG_003,RD,0,2,0.0
PERSONA_003|INCOME_B_002|LIFESTAG_003,SA,2,2,1.0
PERSONA_003|INCOME_B_002|LIFESTAG_006,CC,8,13,0.6153846153846154
PERSONA_003|INCOME_B_002|LIFESTAG_006,HL,0,13,0.0
PERSONA_003|INCOME_B_002|LIFESTAG_006,MF,4,13,0.3076923076923077
PERSONA_003|INCOME_B_002|LIFESTAG_006,PL,0,13,0.0
PERSONA_003|INCOME_B_002|LIFESTAG_006,RD,1,13,0.07692307692307693
PERSONA_003|INCOME_B_002|LIFESTAG_006,SA,11,13,0.8461538461538461
PERSONA_003|INCOME_B_003|LIFESTAG_001,CC,5,26,0.19230769230769232
PERSONA_003|INCOME_B_003|LIFESTAG_001,HL,0,26,0.0
PERSONA_003|INCOME_B_003|LIFESTAG_001,MF,2,26,0.07692307692307693
PERSONA_003|INCOME_B_003|LIFESTAG_001,PL,4,26,0.15384615384615385
PERSONA_003|INCOME_B_003|LIFESTAG_001,RD,6,26,0.23076923076923078
PERSONA_003|INCOME_B_003|LIFESTAG_001,SA,24,26,0.9230769230769231
PERSONA_003|INCOME_B_003|LIFESTAG_002,CC,7,12,0.5833333333333334
PERSONA_003|INCOME_B_003|LIFESTAG_002,HL,0,12,0.0
PERSONA_003|INCOME_B_003|LIFESTAG_002,MF,1,12,0.08333333333333333
PERSONA_003|INCOME_B_003|LIFESTAG_002,PL,0,12,0.0
PERSONA_003|INCOME_B_003|LIFESTAG_002,RD,1,12,0.08333333333333333
PERSONA_003|INCOME_B_003|LIFESTAG_002,SA,12,12,1.0
PERSONA_003|INCOME_B_003|LIFESTAG_003,CC,3,9,0.3333333333333333
PERSONA_003|INCOME_B_003|LIFESTAG_003,HL,0,9,0.0
PERSONA_003|INCOME_B_003|LIFESTAG_003,MF,1,9,0.1111111111111111
PERSONA_003|INCOME_B_003|LIFESTAG_003,PL,1,9,0.1111111111111111
PERSONA_003|INCOME_B_003|LIFESTAG_003,RD,1,9,0.1111111111111111
PERSONA_003|INCOME_B_003|LIFESTAG_003,SA,9,9,1.0
PERSONA_003|INCOME_B_003|LIFESTAG_006,CC,11,38,0.2894736842105263
PERSONA_003|INCOME_B_003|LIFESTAG_006,HL,3,38,0.07894736842105263
PERSONA_003|INCOME_B_003|LIFESTAG_006,MF,4,38,0.10526315789473684
PERSONA_003|INCOME_B_003|LIFESTAG_006,PL,4,38,0.10526315789473684
PERSONA_003|INCOME_B_003|LIFESTAG_006,RD,4,38,0.10526315789473684
PERSONA_003|INCOME_B_003|LIFESTAG_006,SA,36,38,0.9473684210526315
PERSONA_003|INCOME_B_004|LIFESTAG_001,CC,34,104,0.3269230769230769
PERSONA_003|INCOME_B_004|LIFESTAG_001,HL,0,104,0.0
PERSONA_003|INCOME_B_004|LIFESTAG_001,MF,18,104,0.17307692307692307
PERSONA_003|INCOME_B_004|LIFESTAG_001,PL,18,104,0.17307692307692307
PERSONA_003|INCOME_B_004|LIFESTAG_001,RD,10,104,0.09615384615384616
PERSONA_003|INCOME_B_004|LIFESTAG_001,SA,93,104,0.8942307692307693
PERSONA_003|INCOME_B_004|LIFESTAG_002,CC,9,22,0.4090909090909091
PERSONA_003|INCOME_B_004|LIFESTAG_002,HL,1,22,0.045454545454545456
PERSONA_003|INCOME_B_004|LIFESTAG_002,MF,3,22,0.13636363636363635
PERSONA_003|INCOME_B_004|LIFESTAG_002,PL,8,22,0.36363636363636365
PERSONA_003|INCOME_B_004|LIFESTAG_002,RD,5,22,0.22727272727272727
PERSONA_003|INCOME_B_004|LIFESTAG_002,SA,22,22,1.0
PERSONA_003|INCOME_B_004|LIFESTAG_003,CC,10,28,0.35714285714285715
PERSONA_003|INCOME_B_004|LIFESTAG_003,HL,1,28,0.03571428571428571
PERSONA_003|INCOME_B_004|LIFESTAG_003,MF,2,28,0.07142857142857142
PERSONA_003|INCOME_B_004|LIFESTAG_003,PL,8,28,0.2857142857142857
PERSONA_003|INCOME_B_004|LIFESTAG_003,RD,4,28,0.14285714285714285
PERSONA_003|INCOME_B_004|LIFESTAG_003,SA,27,28,0.9642857142857143
PERSONA_003|INCOME_B_004|LIFESTAG_006,CC,51,146,0.3493150684931507
PERSONA_003|INCOME_B_004|LIFESTAG_006,HL,1,146,0.00684931506849315
PERSONA_003|INCOME_B_004|LIFESTAG_006,MF,19,146,0.13013698630136986
PERSONA_003|INCOME_B_004|LIFESTAG_006,PL,35,146,0.23972602739726026
PERSONA_003|INCOME_B_004|LIFESTAG_006,RD,24,146,0.1643835616438356
PERSONA_003|INCOME_B_004|LIFESTAG_006,SA,135,146,0.9246575342465754
PERSONA_004|INCOME_B_001|LIFESTAG_001,CC,15,32,0.46875
PERSONA_004|INCOME_B_001|LIFESTAG_001,HL,2,32,0.0625
PERSONA_004|INCOME_B_001|LIFESTAG_001,MF,10,32,0.3125
PERSONA_004|INCOME_B_001|LIFESTAG_001,PL,6,32,0.1875
PERSONA_004|INCOME_B_001|LIFESTAG_001,RD,5,32,0.15625
PERSONA_004|INCOME_B_001|LIFESTAG_001,SA,28,32,0.875
PERSONA_004|INCOME_B_001|LIFESTAG_002,CC,166,428,0.3878504672897196
PERSONA_004|INCOME_B_001|LIFESTAG_002,HL,57,428,0.13317757009345793
PERSONA_004|INCOME_B_001|LIFESTAG_002,MF,181,428,0.42289719626168226
PERSONA_004|INCOME_B_001|LIFESTAG_002,PL,91,428,0.21261682242990654
PERSONA_004|INCOME_B_001|LIFESTAG_002,RD,115,428,0.26869158878504673
PERSONA_004|INCOME_B_001|LIFESTAG_002,SA,403,428,0.9415887850467289
PERSONA_004|INCOME_B_001|LIFESTAG_003,CC,84,182,0.46153846153846156
PERSONA_004|INCOME_B_001|LIFESTAG_003,HL,21,182,0.11538461538461539
PERSONA_004|INCOME_B_001|LIFESTAG_003,MF,87,182,0.47802197802197804
PERSONA_004|INCOME_B_001|LIFESTAG_003,PL,30,182,0.16483516483516483
PERSONA_004|INCOME_B_001|LIFESTAG_003,RD,44,182,0.24175824175824176
PERSONA_004|INCOME_B_001|LIFESTAG_003,SA,174,182,0.9560439560439561
PERSONA_004|INCOME_B_001|LIFESTAG_004,CC,39,87,0.4482758620689655
PERSONA_004|INCOME_B_001|LIFESTAG_004,HL,4,87,0.04597701149425287
PERSONA_004|INCOME_B_001|LIFESTAG_004,MF,42,87,0.4827586206896552
PERSONA_004|INCOME_B_001|LIFESTAG_004,PL,15,87,0.1724137931034483
PERSONA_004|INCOME_B_001|LIFESTAG_004,RD,22,87,0.25287356321839083
PERSONA_004|INCOME_B_001|LIFESTAG_004,SA,83,87,0.9540229885057471
PERSONA_004|INCOME_B_001|LIFESTAG_006,CC,65,139,0.4676258992805755
PERSONA_004|INCOME_B_001|LIFESTAG_006,HL,17,139,0.1223021582733813
PERSONA_004|INCOME_B_001|LIFESTAG_006,MF,58,139,0.4172661870503597
PERSONA_004|INCOME_B_001|LIFESTAG_006,PL,21,139,0.1510791366906475
PERSONA_004|INCOME_B_001|LIFESTAG_006,RD,18,139,0.12949640287769784
PERSONA_004|INCOME_B_001|LIFESTAG_006,SA,128,139,0.920863309352518
PERSONA_004|INCOME_B_002|LIFESTAG_001,CC,30,54,0.5555555555555556
PERSONA_004|INCOME_B_002|LIFESTAG_001,HL,6,54,0.1111111111111111
PERSONA_004|INCOME_B_002|LIFESTAG_001,MF,21,54,0.3888888888888889
PERSONA_004|INCOME_B_002|LIFESTAG_001,PL,8,54,0.14814814814814814
PERSONA_004|INCOME_B_002|LIFESTAG_001,RD,8,54,0.14814814814814814
PERSONA_004|INCOME_B_002|LIFESTAG_001,SA,49,54,0.9074074074074074
PERSONA_004|INCOME_B_002|LIFESTAG_002,CC,364,840,0.43333333333333335
PERSONA_004|INCOME_B_002|LIFESTAG_002,HL,93,840,0.11071428571428571
PERSONA_004|INCOME_B_002|LIFESTAG_002,MF,343,840,0.4083333333333333
PERSONA_004|INCOME_B_002|LIFESTAG_002,PL,139,840,0.16547619047619047
PERSONA_004|INCOME_B_002|LIFESTAG_002,RD,193,840,0.22976190476190475
PERSONA_004|INCOME_B_002|LIFESTAG_002,SA,797,840,0.9488095238095238
PERSONA_004|INCOME_B_002|LIFESTAG_003,CC,142,321,0.4423676012461059
PERSONA_004|INCOME_B_002|LIFESTAG_003,HL,30,321,0.09345794392523364
PERSONA_004|INCOME_B_002|LIFESTAG_003,MF,139,321,0.43302180685358255
PERSONA_004|INCOME_B_002|LIFESTAG_003,PL,49,321,0.1526479750778816
PERSONA_004|INCOME_B_002|LIFESTAG_003,RD,77,321,0.2398753894080997
PERSONA_004|INCOME_B_002|LIFESTAG_003,SA,305,321,0.9501557632398754
PERSONA_004|INCOME_B_002|LIFESTAG_004,CC,79,176,0.44886363636363635
PERSONA_004|INCOME_B_002|LIFESTAG_004,HL,12,176,0.06818181818181818
PERSONA_004|INCOME_B_002|LIFESTAG_004,MF,73,176,0.4147727272727273
PERSONA_004|INCOME_B_002|LIFESTAG_004,PL,30,176,0.17045454545454544
PERSONA_004|INCOME_B_002|LIFESTAG_004,RD,56,176,0.3181818181818182
PERSONA_004|INCOME_B_002|LIFESTAG_004,SA,162,176,0.9204545454545454
PERSONA_004|INCOME_B_002|LIFESTAG_006,CC,133,273,0.48717948717948717
PERSONA_004|INCOME_B_002|LIFESTAG_006,HL,26,273,0.09523809523809523
PERSONA_004|INCOME_B_002|LIFESTAG_006,MF,113,273,0.4139194139194139
PERSONA_004|INCOME_B_002|LIFESTAG_006,PL,58,273,0.21245421245421245
PERSONA_004|INCOME_B_002|LIFESTAG_006,RD,35,273,0.1282051282051282
PERSONA_004|INCOME_B_002|LIFESTAG_006,SA,261,273,0.9560439560439561
PERSONA_004|INCOME_B_003|LIFESTAG_001,CC,0,2,0.0
PERSONA_004|INCOME_B_003|LIFESTAG_001,HL,0,2,0.0
PERSONA_004|INCOME_B_003|LIFESTAG_001,MF,0,2,0.0
PERSONA_004|INCOME_B_003|LIFESTAG_001,PL,0,2,0.0
PERSONA_004|INCOME_B_003|LIFESTAG_001,RD,0,2,0.0
PERSONA_004|INCOME_B_003|LIFESTAG_001,SA,2,2,1.0
PERSONA_004|INCOME_B_003|LIFESTAG_002,CC,3,19,0.15789473684210525
PERSONA_004|INCOME_B_003|LIFESTAG_002,HL,2,19,0.10526315789473684
PERSONA_004|INCOME_B_003|LIFESTAG_002,MF,3,19,0.15789473684210525
PERSONA_004|INCOME_B_003|LIFESTAG_002,PL,3,19,0.15789473684210525
PERSONA_004|INCOME_B_003|LIFESTAG_002,RD,5,19,0.2631578947368421
PERSONA_004|INCOME_B_003|LIFESTAG_002,SA,18,19,0.9473684210526315
PERSONA_004|INCOME_B_003|LIFESTAG_003,CC,1,5,0.2
PERSONA_004|INCOME_B_003|LIFESTAG_003,HL,0,5,0.0
PERSONA_004|INCOME_B_003|LIFESTAG_003,MF,2,5,0.4
PERSONA_004|INCOME_B_003|LIFESTAG_003,PL,0,5,0.0
PERSONA_004|INCOME_B_003|LIFESTAG_003,RD,2,5,0.4
PERSONA_004|INCOME_B_003|LIFESTAG_003,SA,5,5,1.0
PERSONA_004|INCOME_B_003|LIFESTAG_004,CC,1,7,0.14285714285714285
PERSONA_004|INCOME_B_003|LIFESTAG_004,HL,1,7,0.14285714285714285
PERSONA_004|INCOME_B_003|LIFESTAG_004,MF,3,7,0.42857142857142855
PERSONA_004|INCOME_B_003|LIFESTAG_004,PL,0,7,0.0
PERSONA_004|INCOME_B_003|LIFESTAG_004,RD,2,7,0.2857142857142857
PERSONA_004|INCOME_B_003|LIFESTAG_004,SA,7,7,1.0
PERSONA_004|INCOME_B_003|LIFESTAG_006,CC,2,6,0.3333333333333333
PERSONA_004|INCOME_B_003|LIFESTAG_006,HL,0,6,0.0
PERSONA_004|INCOME_B_003|LIFESTAG_006,MF,0,6,0.0
PERSONA_004|INCOME_B_003|LIFESTAG_006,PL,1,6,0.16666666666666666
PERSONA_004|INCOME_B_003|LIFESTAG_006,RD,2,6,0.3333333333333333
PERSONA_004|INCOME_B_003|LIFESTAG_006,SA,5,6,0.8333333333333334
PERSONA_004|INCOME_B_004|LIFESTAG_001,CC,4,21,0.19047619047619047
PERSONA_004|INCOME_B_004|LIFESTAG_001,HL,1,21,0.047619047619047616
PERSONA_004|INCOME_B_004|LIFESTAG_001,MF,9,21,0.42857142857142855
PERSONA_004|INCOME_B_004|LIFESTAG_001,PL,0,21,0.0
PERSONA_004|INCOME_B_004|LIFESTAG_001,RD,2,21,0.09523809523809523
PERSONA_004|INCOME_B_004|LIFESTAG_001,SA,20,21,0.9523809523809523
PERSONA_004|INCOME_B_004|LIFESTAG_002,CC,37,165,0.22424242424242424
PERSONA_004|INCOME_B_004|LIFESTAG_002,HL,13,165,0.07878787878787878
PERSONA_004|INCOME_B_004|LIFESTAG_002,MF,38,165,0.23030303030303031
PERSONA_004|INCOME_B_004|LIFESTAG_002,PL,14,165,0.08484848484848485
PERSONA_004|INCOME_B_004|LIFESTAG_002,RD,42,165,0.2545454545454545
PERSONA_004|INCOME_B_004|LIFESTAG_002,SA,152,165,0.9212121212121213
PERSONA_004|INCOME_B_004|LIFESTAG_003,CC,11,51,0.21568627450980393
PERSONA_004|INCOME_B_004|LIFESTAG_003,HL,2,51,0.0392156862745098
PERSONA_004|INCOME_B_004|LIFESTAG_003,MF,15,51,0.29411764705882354
PERSONA_004|INCOME_B_004|LIFESTAG_003,PL,8,51,0.1568627450980392
PERSONA_004|INCOME_B_004|LIFESTAG_003,RD,7,51,0.13725490196078433
PERSONA_004|INCOME_B_004|LIFESTAG_003,SA,51,51,1.0
PERSONA_004|INCOME_B_004|LIFESTAG_004,CC,5,42,0.11904761904761904
PERSONA_004|INCOME_B_004|LIFESTAG_004,HL,2,42,0.047619047619047616
PERSONA_004|INCOME_B_004|LIFESTAG_004,MF,11,42,0.2619047619047619
PERSONA_004|INCOME_B_004|LIFESTAG_004,PL,7,42,0.16666666666666666
PERSONA_004|INCOME_B_004|LIFESTAG_004,RD,13,42,0.30952380952380953
PERSONA_004|INCOME_B_004|LIFESTAG_004,SA,40,42,0.9523809523809523
PERSONA_004|INCOME_B_004|LIFESTAG_006,CC,16,65,0.24615384615384617
PERSONA_004|INCOME_B_004|LIFESTAG_006,HL,2,65,0.03076923076923077
PERSONA_004|INCOME_B_004|LIFESTAG_006,MF,18,65,0.27692307692307694
PERSONA_004|INCOME_B_004|LIFESTAG_006,PL,10,65,0.15384615384615385
PERSONA_004|INCOME_B_004|LIFESTAG_006,RD,7,65,0.1076923076923077
PERSONA_004|INCOME_B_004|LIFESTAG_006,SA,58,65,0.8923076923076924
PERSONA_005|INCOME_B_001|LIFESTAG_005,CC,72,224,0.32142857142857145
PERSONA_005|INCOME_B_001|LIFESTAG_005,HL,11,224,0.049107142857142856
PERSONA_005|INCOME_B_001|LIFESTAG_005,MF,53,224,0.23660714285714285
PERSONA_005|INCOME_B_001|LIFESTAG_005,PL,39,224,0.17410714285714285
PERSONA_005|INCOME_B_001|LIFESTAG_005,RD,93,224,0.41517857142857145
PERSONA_005|INCOME_B_001|LIFESTAG_005,SA,214,224,0.9553571428571429
PERSONA_005|INCOME_B_002|LIFESTAG_005,CC,10,46,0.21739130434782608
PERSONA_005|INCOME_B_002|LIFESTAG_005,HL,0,46,0.0
PERSONA_005|INCOME_B_002|LIFESTAG_005,MF,9,46,0.1956521739130435
PERSONA_005|INCOME_B_002|LIFESTAG_005,PL,2,46,0.043478260869565216
PERSONA_005|INCOME_B_002|LIFESTAG_005,RD,20,46,0.43478260869565216
PERSONA_005|INCOME_B_002|LIFESTAG_005,SA,44,46,0.9565217391304348
PERSONA_005|INCOME_B_003|LIFESTAG_005,CC,6,55,0.10909090909090909
PERSONA_005|INCOME_B_003|LIFESTAG_005,HL,2,55,0.03636363636363636
PERSONA_005|INCOME_B_003|LIFESTAG_005,MF,7,55,0.12727272727272726
PERSONA_005|INCOME_B_003|LIFESTAG_005,PL,4,55,0.07272727272727272
PERSONA_005|INCOME_B_003|LIFESTAG_005,RD,26,55,0.4727272727272727
PERSONA_005|INCOME_B_003|LIFESTAG_005,SA,54,55,0.9818181818181818
PERSONA_005|INCOME_B_004|LIFESTAG_005,CC,20,127,0.15748031496062992
PERSONA_005|INCOME_B_004|LIFESTAG_005,HL,5,127,0.03937007874015748
PERSONA_005|INCOME_B_004|LIFESTAG_005,MF,5,127,0.03937007874015748
PERSONA_005|INCOME_B_004|LIFESTAG_005,PL,16,127,0.12598425196850394
PERSONA_005|INCOME_B_004|LIFESTAG_005,RD,55,127,0.4330708661417323
PERSONA_005|INCOME_B_004|LIFESTAG_005,SA,120,127,0.9448818897637795
PERSONA_006|INCOME_B_001|LIFESTAG_001,CC,6,15,0.4
PERSONA_006|INCOME_B_001|LIFESTAG_001,HL,0,15,0.0
PERSONA_006|INCOME_B_001|LIFESTAG_001,MF,6,15,0.4
PERSONA_006|INCOME_B_001|LIFESTAG_001,PL,0,15,0.0
PERSONA_006|INCOME_B_001|LIFESTAG_001,RD,3,15,0.2
PERSONA_006|INCOME_B_001|LIFESTAG_001,SA,13,15,0.8666666666666667
PERSONA_006|INCOME_B_001|LIFESTAG_002,CC,118,317,0.3722397476340694
PERSONA_006|INCOME_B_001|LIFESTAG_002,HL,39,317,0.12302839116719243
PERSONA_006|INCOME_B_001|LIFESTAG_002,MF,103,317,0.3249211356466877
PERSONA_006|INCOME_B_001|LIFESTAG_002,PL,38,317,0.11987381703470032
PERSONA_006|INCOME_B_001|LIFESTAG_002,RD,76,317,0.23974763406940064
PERSONA_006|INCOME_B_001|LIFESTAG_002,SA,306,317,0.9652996845425867
PERSONA_006|INCOME_B_001|LIFESTAG_003,CC,56,144,0.3888888888888889
PERSONA_006|INCOME_B_001|LIFESTAG_003,HL,10,144,0.06944444444444445
PERSONA_006|INCOME_B_001|LIFESTAG_003,MF,44,144,0.3055555555555556
PERSONA_006|INCOME_B_001|LIFESTAG_003,PL,23,144,0.1597222222222222
PERSONA_006|INCOME_B_001|LIFESTAG_003,RD,31,144,0.2152777777777778
PERSONA_006|INCOME_B_001|LIFESTAG_003,SA,133,144,0.9236111111111112
PERSONA_006|INCOME_B_001|LIFESTAG_004,CC,23,76,0.3026315789473684
PERSONA_006|INCOME_B_001|LIFESTAG_004,HL,5,76,0.06578947368421052
PERSONA_006|INCOME_B_001|LIFESTAG_004,MF,16,76,0.21052631578947367
PERSONA_006|INCOME_B_001|LIFESTAG_004,PL,8,76,0.10526315789473684
PERSONA_006|INCOME_B_001|LIFESTAG_004,RD,24,76,0.3157894736842105
PERSONA_006|INCOME_B_001|LIFESTAG_004,SA,74,76,0.9736842105263158
PERSONA_006|INCOME_B_001|LIFESTAG_006,CC,42,104,0.40384615384615385
PERSONA_006|INCOME_B_001|LIFESTAG_006,HL,5,104,0.04807692307692308
PERSONA_006|INCOME_B_001|LIFESTAG_006,MF,31,104,0.2980769230769231
PERSONA_006|INCOME_B_001|LIFESTAG_006,PL,11,104,0.10576923076923077
PERSONA_006|INCOME_B_001|LIFESTAG_006,RD,15,104,0.14423076923076922
PERSONA_006|INCOME_B_001|LIFESTAG_006,SA,99,104,0.9519230769230769
PERSONA_006|INCOME_B_002|LIFESTAG_001,CC,9,29,0.3103448275862069
PERSONA_006|INCOME_B_002|LIFESTAG_001,HL,1,29,0.034482758620689655
PERSONA_006|INCOME_B_002|LIFESTAG_001,MF,4,29,0.13793103448275862
PERSONA_006|INCOME_B_002|LIFESTAG_001,PL,2,29,0.06896551724137931
PERSONA_006|INCOME_B_002|LIFESTAG_001,RD,5,29,0.1724137931034483
PERSONA_006|INCOME_B_002|LIFESTAG_001,SA,28,29,0.9655172413793104
PERSONA_006|INCOME_B_002|LIFESTAG_002,CC,68,171,0.39766081871345027
PERSONA_006|INCOME_B_002|LIFESTAG_002,HL,30,171,0.17543859649122806
PERSONA_006|INCOME_B_002|LIFESTAG_002,MF,44,171,0.2573099415204678
PERSONA_006|INCOME_B_002|LIFESTAG_002,PL,14,171,0.08187134502923976
PERSONA_006|INCOME_B_002|LIFESTAG_002,RD,36,171,0.21052631578947367
PERSONA_006|INCOME_B_002|LIFESTAG_002,SA,164,171,0.9590643274853801
PERSONA_006|INCOME_B_002|LIFESTAG_003,CC,34,72,0.4722222222222222
PERSONA_006|INCOME_B_002|LIFESTAG_003,HL,6,72,0.08333333333333333
PERSONA_006|INCOME_B_002|LIFESTAG_003,MF,20,72,0.2777777777777778
PERSONA_006|INCOME_B_002|LIFESTAG_003,PL,4,72,0.05555555555555555
PERSONA_006|INCOME_B_002|LIFESTAG_003,RD,17,72,0.2361111111111111
PERSONA_006|INCOME_B_002|LIFESTAG_003,SA,70,72,0.9722222222222222
PERSONA_006|INCOME_B_002|LIFESTAG_004,CC,14,37,0.3783783783783784
PERSONA_006|INCOME_B_002|LIFESTAG_004,HL,1,37,0.02702702702702703
PERSONA_006|INCOME_B_002|LIFESTAG_004,MF,15,37,0.40540540540540543
PERSONA_006|INCOME_B_002|LIFESTAG_004,PL,3,37,0.08108108108108109
PERSONA_006|INCOME_B_002|LIFESTAG_004,RD,13,37,0.35135135135135137
PERSONA_006|INCOME_B_002|LIFESTAG_004,SA,35,37,0.9459459459459459
PERSONA_006|INCOME_B_002|LIFESTAG_006,CC,30,65,0.46153846153846156
PERSONA_006|INCOME_B_002|LIFESTAG_006,HL,9,65,0.13846153846153847
PERSONA_006|INCOME_B_002|LIFESTAG_006,MF,17,65,0.26153846153846155
PERSONA_006|INCOME_B_002|LIFESTAG_006,PL,6,65,0.09230769230769231
PERSONA_006|INCOME_B_002|LIFESTAG_006,RD,4,65,0.06153846153846154
PERSONA_006|INCOME_B_002|LIFESTAG_006,SA,62,65,0.9538461538461539
PERSONA_006|INCOME_B_004|LIFESTAG_001,CC,0,1,0.0
PERSONA_006|INCOME_B_004|LIFESTAG_001,HL,0,1,0.0
PERSONA_006|INCOME_B_004|LIFESTAG_001,MF,0,1,0.0
PERSONA_006|INCOME_B_004|LIFESTAG_001,PL,0,1,0.0
PERSONA_006|INCOME_B_004|LIFESTAG_001,RD,0,1,0.0
PERSONA_006|INCOME_B_004|LIFESTAG_001,SA,1,1,1.0
PERSONA_006|INCOME_B_004|LIFESTAG_002,CC,23,103,0.22330097087378642
PERSONA_006|INCOME_B_004|LIFESTAG_002,HL,5,103,0.04854368932038835
PERSONA_006|INCOME_B_004|LIFESTAG_002,MF,16,103,0.1553398058252427
PERSONA_006|INCOME_B_004|LIFESTAG_002,PL,16,103,0.1553398058252427
PERSONA_006|INCOME_B_004|LIFESTAG_002,RD,21,103,0.20388349514563106
PERSONA_006|INCOME_B_004|LIFESTAG_002,SA,100,103,0.970873786407767
PERSONA_006|INCOME_B_004|LIFESTAG_003,CC,11,47,0.23404255319148937
PERSONA_006|INCOME_B_004|LIFESTAG_003,HL,2,47,0.0425531914893617
PERSONA_006|INCOME_B_004|LIFESTAG_003,MF,7,47,0.14893617021276595
PERSONA_006|INCOME_B_004|LIFESTAG_003,PL,5,47,0.10638297872340426
PERSONA_006|INCOME_B_004|LIFESTAG_003,RD,8,47,0.1702127659574468
PERSONA_006|INCOME_B_004|LIFESTAG_003,SA,43,47,0.9148936170212766
PERSONA_006|INCOME_B_004|LIFESTAG_004,CC,6,25,0.24
PERSONA_006|INCOME_B_004|LIFESTAG_004,HL,2,25,0.08
PERSONA_006|INCOME_B_004|LIFESTAG_004,MF,1,25,0.04
PERSONA_006|INCOME_B_004|LIFESTAG_004,PL,3,25,0.12
PERSONA_006|INCOME_B_004|LIFESTAG_004,RD,9,25,0.36
PERSONA_006|INCOME_B_004|LIFESTAG_004,SA,25,25,1.0
PERSONA_006|INCOME_B_004|LIFESTAG_006,CC,4,19,0.21052631578947367
PERSONA_006|INCOME_B_004|LIFESTAG_006,HL,1,19,0.05263157894736842
PERSONA_006|INCOME_B_004|LIFESTAG_006,MF,4,19,0.21052631578947367
PERSONA_006|INCOME_B_004|LIFESTAG_006,PL,1,19,0.05263157894736842
PERSONA_006|INCOME_B_004|LIFESTAG_006,RD,5,19,0.2631578947368421
PERSONA_006|INCOME_B_004|LIFESTAG_006,SA,19,19,1.0
PERSONA_007|INCOME_B_001|LIFESTAG_001,CC,42,76,0.5526315789473685
PERSONA_007|INCOME_B_001|LIFESTAG_001,HL,6,76,0.07894736842105263
PERSONA_007|INCOME_B_001|LIFESTAG_001,MF,27,76,0.35526315789473684
PERSONA_007|INCOME_B_001|LIFESTAG_001,PL,14,76,0.18421052631578946
PERSONA_007|INCOME_B_001|LIFESTAG_001,RD,17,76,0.2236842105263158
PERSONA_007|INCOME_B_001|LIFESTAG_001,SA,70,76,0.9210526315789473
PERSONA_007|INCOME_B_001|LIFESTAG_002,CC,318,681,0.4669603524229075
PERSONA_007|INCOME_B_001|LIFESTAG_002,HL,71,681,0.10425844346549193
PERSONA_007|INCOME_B_001|LIFESTAG_002,MF,195,681,0.28634361233480177
PERSONA_007|INCOME_B_001|LIFESTAG_002,PL,128,681,0.18795888399412627
PERSONA_007|INCOME_B_001|LIFESTAG_002,RD,169,681,0.24816446402349487
PERSONA_007|INCOME_B_001|LIFESTAG_002,SA,653,681,0.9588839941262849
PERSONA_007|INCOME_B_001|LIFESTAG_003,CC,104,253,0.41106719367588934
PERSONA_007|INCOME_B_001|LIFESTAG_003,HL,24,253,0.09486166007905138
PERSONA_007|INCOME_B_001|LIFESTAG_003,MF,73,253,0.2885375494071146
PERSONA_007|INCOME_B_001|LIFESTAG_003,PL,41,253,0.16205533596837945
PERSONA_007|INCOME_B_001|LIFESTAG_003,RD,54,253,0.2134387351778656
PERSONA_007|INCOME_B_001|LIFESTAG_003,SA,242,253,0.9565217391304348
PERSONA_007|INCOME_B_001|LIFESTAG_004,CC,51,153,0.3333333333333333
PERSONA_007|INCOME_B_001|LIFESTAG_004,HL,14,153,0.0915032679738562
PERSONA_007|INCOME_B_001|LIFESTAG_004,MF,47,153,0.30718954248366015
PERSONA_007|INCOME_B_001|LIFESTAG_004,PL,38,153,0.24836601307189543
PERSONA_007|INCOME_B_001|LIFESTAG_004,RD,39,153,0.2549019607843137
PERSONA_007|INCOME_B_001|LIFESTAG_004,SA,146,153,0.954248366013072
PERSONA_007|INCOME_B_001|LIFESTAG_006,CC,133,266,0.5
PERSONA_007|INCOME_B_001|LIFESTAG_006,HL,17,266,0.06390977443609022
PERSONA_007|INCOME_B_001|LIFESTAG_006,MF,61,266,0.22932330827067668
PERSONA_007|INCOME_B_001|LIFESTAG_006,PL,53,266,0.19924812030075187
PERSONA_007|INCOME_B_001|LIFESTAG_006,RD,42,266,0.15789473684210525
PERSONA_007|INCOME_B_001|LIFESTAG_006,SA,251,266,0.943609022556391
PERSONA_007|INCOME_B_002|LIFESTAG_001,CC,17,28,0.6071428571428571
PERSONA_007|INCOME_B_002|LIFESTAG_001,HL,2,28,0.07142857142857142
PERSONA_007|INCOME_B_002|LIFESTAG_001,MF,8,28,0.2857142857142857
PERSONA_007|INCOME_B_002|LIFESTAG_001,PL,3,28,0.10714285714285714
PERSONA_007|INCOME_B_002|LIFESTAG_001,RD,4,28,0.14285714285714285
PERSONA_007|INCOME_B_002|LIFESTAG_001,SA,28,28,1.0
PERSONA_007|INCOME_B_002|LIFESTAG_002,CC,56,131,0.42748091603053434
PERSONA_007|INCOME_B_002|LIFESTAG_002,HL,17,131,0.1297709923664122
PERSONA_007|INCOME_B_002|LIFESTAG_002,MF,49,131,0.37404580152671757
PERSONA_007|INCOME_B_002|LIFESTAG_002,PL,11,131,0.08396946564885496
PERSONA_007|INCOME_B_002|LIFESTAG_002,RD,29,131,0.22137404580152673
PERSONA_007|INCOME_B_002|LIFESTAG_002,SA,124,131,0.9465648854961832
PERSONA_007|INCOME_B_002|LIFESTAG_003,CC,35,74,0.47297297297297297
PERSONA_007|INCOME_B_002|LIFESTAG_003,HL,4,74,0.05405405405405406
PERSONA_007|INCOME_B_002|LIFESTAG_003,MF,18,74,0.24324324324324326
PERSONA_007|INCOME_B_002|LIFESTAG_003,PL,8,74,0.10810810810810811
PERSONA_007|INCOME_B_002|LIFESTAG_003,RD,20,74,0.2702702702702703
PERSONA_007|INCOME_B_002|LIFESTAG_003,SA,73,74,0.9864864864864865
PERSONA_007|INCOME_B_002|LIFESTAG_004,CC,12,31,0.3870967741935484
PERSONA_007|INCOME_B_002|LIFESTAG_004,HL,1,31,0.03225806451612903
PERSONA_007|INCOME_B_002|LIFESTAG_004,MF,9,31,0.2903225806451613
PERSONA_007|INCOME_B_002|LIFESTAG_004,PL,1,31,0.03225806451612903
PERSONA_007|INCOME_B_002|LIFESTAG_004,RD,9,31,0.2903225806451613
PERSONA_007|INCOME_B_002|LIFESTAG_004,SA,30,31,0.967741935483871
PERSONA_007|INCOME_B_002|LIFESTAG_006,CC,29,70,0.4142857142857143
PERSONA_007|INCOME_B_002|LIFESTAG_006,HL,2,70,0.02857142857142857
PERSONA_007|INCOME_B_002|LIFESTAG_006,MF,24,70,0.34285714285714286
PERSONA_007|INCOME_B_002|LIFESTAG_006,PL,10,70,0.14285714285714285
PERSONA_007|INCOME_B_002|LIFESTAG_006,RD,7,70,0.1
PERSONA_007|INCOME_B_002|LIFESTAG_006,SA,65,70,0.9285714285714286
PERSONA_007|INCOME_B_003|LIFESTAG_001,CC,5,23,0.21739130434782608
PERSONA_007|INCOME_B_003|LIFESTAG_001,HL,0,23,0.0
PERSONA_007|INCOME_B_003|LIFESTAG_001,MF,1,23,0.043478260869565216
PERSONA_007|INCOME_B_003|LIFESTAG_001,PL,0,23,0.0
PERSONA_007|INCOME_B_003|LIFESTAG_001,RD,7,23,0.30434782608695654
PERSONA_007|INCOME_B_003|LIFESTAG_001,SA,23,23,1.0
PERSONA_007|INCOME_B_003|LIFESTAG_002,CC,29,137,0.2116788321167883
PERSONA_007|INCOME_B_003|LIFESTAG_002,HL,8,137,0.058394160583941604
PERSONA_007|INCOME_B_003|LIFESTAG_002,MF,18,137,0.13138686131386862
PERSONA_007|INCOME_B_003|LIFESTAG_002,PL,8,137,0.058394160583941604
PERSONA_007|INCOME_B_003|LIFESTAG_002,RD,28,137,0.20437956204379562
PERSONA_007|INCOME_B_003|LIFESTAG_002,SA,130,137,0.948905109489051
PERSONA_007|INCOME_B_003|LIFESTAG_003,CC,8,47,0.1702127659574468
PERSONA_007|INCOME_B_003|LIFESTAG_003,HL,3,47,0.06382978723404255
PERSONA_007|INCOME_B_003|LIFESTAG_003,MF,4,47,0.0851063829787234
PERSONA_007|INCOME_B_003|LIFESTAG_003,PL,5,47,0.10638297872340426
PERSONA_007|INCOME_B_003|LIFESTAG_003,RD,8,47,0.1702127659574468
PERSONA_007|INCOME_B_003|LIFESTAG_003,SA,46,47,0.9787234042553191
PERSONA_007|INCOME_B_003|LIFESTAG_004,CC,2,36,0.05555555555555555
PERSONA_007|INCOME_B_003|LIFESTAG_004,HL,3,36,0.08333333333333333
PERSONA_007|INCOME_B_003|LIFESTAG_004,MF,2,36,0.05555555555555555
PERSONA_007|INCOME_B_003|LIFESTAG_004,PL,3,36,0.08333333333333333
PERSONA_007|INCOME_B_003|LIFESTAG_004,RD,11,36,0.3055555555555556
PERSONA_007|INCOME_B_003|LIFESTAG_004,SA,35,36,0.9722222222222222
PERSONA_007|INCOME_B_003|LIFESTAG_006,CC,15,51,0.29411764705882354
PERSONA_007|INCOME_B_003|LIFESTAG_006,HL,4,51,0.0784313725490196
PERSONA_007|INCOME_B_003|LIFESTAG_006,MF,5,51,0.09803921568627451
PERSONA_007|INCOME_B_003|LIFESTAG_006,PL,2,51,0.0392156862745098
PERSONA_007|INCOME_B_003|LIFESTAG_006,RD,7,51,0.13725490196078433
PERSONA_007|INCOME_B_003|LIFESTAG_006,SA,47,51,0.9215686274509803
PERSONA_007|INCOME_B_004|LIFESTAG_001,CC,13,44,0.29545454545454547
PERSONA_007|INCOME_B_004|LIFESTAG_001,HL,1,44,0.022727272727272728
PERSONA_007|INCOME_B_004|LIFESTAG_001,MF,7,44,0.1590909090909091
PERSONA_007|INCOME_B_004|LIFESTAG_001,PL,8,44,0.18181818181818182
PERSONA_007|INCOME_B_004|LIFESTAG_001,RD,3,44,0.06818181818181818
PERSONA_007|INCOME_B_004|LIFESTAG_001,SA,43,44,0.9772727272727273
PERSONA_007|INCOME_B_004|LIFESTAG_002,CC,89,368,0.2418478260869565
PERSONA_007|INCOME_B_004|LIFESTAG_002,HL,20,368,0.05434782608695652
PERSONA_007|INCOME_B_004|LIFESTAG_002,MF,51,368,0.13858695652173914
PERSONA_007|INCOME_B_004|LIFESTAG_002,PL,53,368,0.14402173913043478
PERSONA_007|INCOME_B_004|LIFESTAG_002,RD,97,368,0.26358695652173914
PERSONA_007|INCOME_B_004|LIFESTAG_002,SA,352,368,0.9565217391304348
PERSONA_007|INCOME_B_004|LIFESTAG_003,CC,40,139,0.28776978417266186
PERSONA_007|INCOME_B_004|LIFESTAG_003,HL,3,139,0.02158273381294964
PERSONA_007|INCOME_B_004|LIFESTAG_003,MF,21,139,0.1510791366906475
PERSONA_007|INCOME_B_004|LIFESTAG_003,PL,29,139,0.20863309352517986
PERSONA_007|INCOME_B_004|LIFESTAG_003,RD,25,139,0.17985611510791366
PERSONA_007|INCOME_B_004|LIFESTAG_003,SA,132,139,0.9496402877697842
PERSONA_007|INCOME_B_004|LIFESTAG_004,CC,17,80,0.2125
PERSONA_007|INCOME_B_004|LIFESTAG_004,HL,2,80,0.025
PERSONA_007|INCOME_B_004|LIFESTAG_004,MF,9,80,0.1125
PERSONA_007|INCOME_B_004|LIFESTAG_004,PL,11,80,0.1375
PERSONA_007|INCOME_B_004|LIFESTAG_004,RD,22,80,0.275
PERSONA_007|INCOME_B_004|LIFESTAG_004,SA,78,80,0.975
PERSONA_007|INCOME_B_004|LIFESTAG_006,CC,43,136,0.3161764705882353
PERSONA_007|INCOME_B_004|LIFESTAG_006,HL,8,136,0.058823529411764705
PERSONA_007|INCOME_B_004|LIFESTAG_006,MF,13,136,0.09558823529411764
PERSONA_007|INCOME_B_004|LIFESTAG_006,PL,28,136,0.20588235294117646
PERSONA_007|INCOME_B_004|LIFESTAG_006,RD,31,136,0.22794117647058823
PERSONA_007|INCOME_B_004|LIFESTAG_006,SA,122,136,0.8970588235294118
PERSONA_008|INCOME_B_001|LIFESTAG_001,CC,119,236,0.5042372881355932
PERSONA_008|INCOME_B_001|LIFESTAG_001,HL,13,236,0.05508474576271186
PERSONA_008|INCOME_B_001|LIFESTAG_001,MF,69,236,0.2923728813559322
PERSONA_008|INCOME_B_001|LIFESTAG_001,PL,39,236,0.1652542372881356
PERSONA_008|INCOME_B_001|LIFESTAG_001,RD,40,236,0.1694915254237288
PERSONA_008|INCOME_B_001|LIFESTAG_001,SA,217,236,0.9194915254237288
PERSONA_008|INCOME_B_001|LIFESTAG_002,CC,184,395,0.46582278481012657
PERSONA_008|INCOME_B_001|LIFESTAG_002,HL,48,395,0.12151898734177215
PERSONA_008|INCOME_B_001|LIFESTAG_002,MF,106,395,0.2683544303797468
PERSONA_008|INCOME_B_001|LIFESTAG_002,PL,84,395,0.21265822784810126
PERSONA_008|INCOME_B_001|LIFESTAG_002,RD,83,395,0.21012658227848102
PERSONA_008|INCOME_B_001|LIFESTAG_002,SA,376,395,0.9518987341772152
PERSONA_008|INCOME_B_001|LIFESTAG_003,CC,88,172,0.5116279069767442
PERSONA_008|INCOME_B_001|LIFESTAG_003,HL,10,172,0.05813953488372093
PERSONA_008|INCOME_B_001|LIFESTAG_003,MF,41,172,0.23837209302325582
PERSONA_008|INCOME_B_001|LIFESTAG_003,PL,39,172,0.22674418604651161
PERSONA_008|INCOME_B_001|LIFESTAG_003,RD,33,172,0.19186046511627908
PERSONA_008|INCOME_B_001|LIFESTAG_003,SA,167,172,0.9709302325581395
PERSONA_008|INCOME_B_001|LIFESTAG_004,CC,38,70,0.5428571428571428
PERSONA_008|INCOME_B_001|LIFESTAG_004,HL,6,70,0.08571428571428572
PERSONA_008|INCOME_B_001|LIFESTAG_004,MF,26,70,0.37142857142857144
PERSONA_008|INCOME_B_001|LIFESTAG_004,PL,19,70,0.2714285714285714
PERSONA_008|INCOME_B_001|LIFESTAG_004,RD,19,70,0.2714285714285714
PERSONA_008|INCOME_B_001|LIFESTAG_004,SA,68,70,0.9714285714285714
PERSONA_008|INCOME_B_001|LIFESTAG_006,CC,210,408,0.5147058823529411
PERSONA_008|INCOME_B_001|LIFESTAG_006,HL,24,408,0.058823529411764705
PERSONA_008|INCOME_B_001|LIFESTAG_006,MF,118,408,0.28921568627450983
PERSONA_008|INCOME_B_001|LIFESTAG_006,PL,79,408,0.19362745098039216
PERSONA_008|INCOME_B_001|LIFESTAG_006,RD,66,408,0.16176470588235295
PERSONA_008|INCOME_B_001|LIFESTAG_006,SA,384,408,0.9411764705882353
PERSONA_008|INCOME_B_002|LIFESTAG_001,CC,7,14,0.5
PERSONA_008|INCOME_B_002|LIFESTAG_001,HL,1,14,0.07142857142857142
PERSONA_008|INCOME_B_002|LIFESTAG_001,MF,3,14,0.21428571428571427
PERSONA_008|INCOME_B_002|LIFESTAG_001,PL,0,14,0.0
PERSONA_008|INCOME_B_002|LIFESTAG_001,RD,1,14,0.07142857142857142
PERSONA_008|INCOME_B_002|LIFESTAG_001,SA,14,14,1.0
PERSONA_008|INCOME_B_002|LIFESTAG_002,CC,20,36,0.5555555555555556
PERSONA_008|INCOME_B_002|LIFESTAG_002,HL,3,36,0.08333333333333333
PERSONA_008|INCOME_B_002|LIFESTAG_002,MF,12,36,0.3333333333333333
PERSONA_008|INCOME_B_002|LIFESTAG_002,PL,6,36,0.16666666666666666
PERSONA_008|INCOME_B_002|LIFESTAG_002,RD,9,36,0.25
PERSONA_008|INCOME_B_002|LIFESTAG_002,SA,35,36,0.9722222222222222
PERSONA_008|INCOME_B_002|LIFESTAG_003,CC,4,9,0.4444444444444444
PERSONA_008|INCOME_B_002|LIFESTAG_003,HL,1,9,0.1111111111111111
PERSONA_008|INCOME_B_002|LIFESTAG_003,MF,5,9,0.5555555555555556
PERSONA_008|INCOME_B_002|LIFESTAG_003,PL,1,9,0.1111111111111111
PERSONA_008|INCOME_B_002|LIFESTAG_003,RD,4,9,0.4444444444444444
PERSONA_008|INCOME_B_002|LIFESTAG_003,SA,9,9,1.0
PERSONA_008|INCOME_B_002|LIFESTAG_004,CC,3,7,0.42857142857142855
PERSONA_008|INCOME_B_002|LIFESTAG_004,HL,0,7,0.0
PERSONA_008|INCOME_B_002|LIFESTAG_004,MF,4,7,0.5714285714285714
PERSONA_008|INCOME_B_002|LIFESTAG_004,PL,2,7,0.2857142857142857
PERSONA_008|INCOME_B_002|LIFESTAG_004,RD,3,7,0.42857142857142855
PERSONA_008|INCOME_B_002|LIFESTAG_004,SA,7,7,1.0
PERSONA_008|INCOME_B_002|LIFESTAG_006,CC,18,30,0.6
PERSONA_008|INCOME_B_002|LIFESTAG_006,HL,4,30,0.13333333333333333
PERSONA_008|INCOME_B_002|LIFESTAG_006,MF,12,30,0.4
PERSONA_008|INCOME_B_002|LIFESTAG_006,PL,4,30,0.13333333333333333
PERSONA_008|INCOME_B_002|LIFESTAG_006,RD,5,30,0.16666666666666666
PERSONA_008|INCOME_B_002|LIFESTAG_006,SA,27,30,0.9
PERSONA_008|INCOME_B_003|LIFESTAG_001,CC,10,31,0.3225806451612903
PERSONA_008|INCOME_B_003|LIFESTAG_001,HL,0,31,0.0
PERSONA_008|INCOME_B_003|LIFESTAG_001,MF,1,31,0.03225806451612903
PERSONA_008|INCOME_B_003|LIFESTAG_001,PL,3,31,0.0967741935483871
PERSONA_008|INCOME_B_003|LIFESTAG_001,RD,2,31,0.06451612903225806
PERSONA_008|INCOME_B_003|LIFESTAG_001,SA,28,31,0.9032258064516129
PERSONA_008|INCOME_B_003|LIFESTAG_002,CC,21,106,0.19811320754716982
PERSONA_008|INCOME_B_003|LIFESTAG_002,HL,7,106,0.0660377358490566
PERSONA_008|INCOME_B_003|LIFESTAG_002,MF,13,106,0.12264150943396226
PERSONA_008|INCOME_B_003|LIFESTAG_002,PL,14,106,0.1320754716981132
PERSONA_008|INCOME_B_003|LIFESTAG_002,RD,22,106,0.20754716981132076
PERSONA_008|INCOME_B_003|LIFESTAG_002,SA,102,106,0.9622641509433962
PERSONA_008|INCOME_B_003|LIFESTAG_003,CC,11,53,0.20754716981132076
PERSONA_008|INCOME_B_003|LIFESTAG_003,HL,2,53,0.03773584905660377
PERSONA_008|INCOME_B_003|LIFESTAG_003,MF,6,53,0.11320754716981132
PERSONA_008|INCOME_B_003|LIFESTAG_003,PL,5,53,0.09433962264150944
PERSONA_008|INCOME_B_003|LIFESTAG_003,RD,6,53,0.11320754716981132
PERSONA_008|INCOME_B_003|LIFESTAG_003,SA,53,53,1.0
PERSONA_008|INCOME_B_003|LIFESTAG_004,CC,5,30,0.16666666666666666
PERSONA_008|INCOME_B_003|LIFESTAG_004,HL,1,30,0.03333333333333333
PERSONA_008|INCOME_B_003|LIFESTAG_004,MF,2,30,0.06666666666666667
PERSONA_008|INCOME_B_003|LIFESTAG_004,PL,0,30,0.0
PERSONA_008|INCOME_B_003|LIFESTAG_004,RD,9,30,0.3
PERSONA_008|INCOME_B_003|LIFESTAG_004,SA,28,30,0.9333333333333333
PERSONA_008|INCOME_B_003|LIFESTAG_006,CC,31,86,0.36046511627906974
PERSONA_008|INCOME_B_003|LIFESTAG_006,HL,2,86,0.023255813953488372
PERSONA_008|INCOME_B_003|LIFESTAG_006,MF,7,86,0.08139534883720931
PERSONA_008|INCOME_B_003|LIFESTAG_006,PL,6,86,0.06976744186046512
PERSONA_008|INCOME_B_003|LIFESTAG_006,RD,5,86,0.05813953488372093
PERSONA_008|INCOME_B_003|LIFESTAG_006,SA,81,86,0.9418604651162791
PERSONA_008|INCOME_B_004|LIFESTAG_001,CC,40,132,0.30303030303030304
PERSONA_008|INCOME_B_004|LIFESTAG_001,HL,0,132,0.0
PERSONA_008|INCOME_B_004|LIFESTAG_001,MF,16,132,0.12121212121212122
PERSONA_008|INCOME_B_004|LIFESTAG_001,PL,25,132,0.1893939393939394
PERSONA_008|INCOME_B_004|LIFESTAG_001,RD,16,132,0.12121212121212122
PERSONA_008|INCOME_B_004|LIFESTAG_001,SA,118,132,0.8939393939393939
PERSONA_008|INCOME_B_004|LIFESTAG_002,CC,80,277,0.2888086642599278
PERSONA_008|INCOME_B_004|LIFESTAG_002,HL,16,277,0.05776173285198556
PERSONA_008|INCOME_B_004|LIFESTAG_002,MF,43,277,0.1552346570397112
PERSONA_008|INCOME_B_004|LIFESTAG_002,PL,51,277,0.18411552346570398
PERSONA_008|INCOME_B_004|LIFESTAG_002,RD,72,277,0.259927797833935
PERSONA_008|INCOME_B_004|LIFESTAG_002,SA,257,277,0.927797833935018
PERSONA_008|INCOME_B_004|LIFESTAG_003,CC,30,110,0.2727272727272727
PERSONA_008|INCOME_B_004|LIFESTAG_003,HL,6,110,0.05454545454545454
PERSONA_008|INCOME_B_004|LIFESTAG_003,MF,15,110,0.13636363636363635
PERSONA_008|INCOME_B_004|LIFESTAG_003,PL,25,110,0.22727272727272727
PERSONA_008|INCOME_B_004|LIFESTAG_003,RD,26,110,0.23636363636363636
PERSONA_008|INCOME_B_004|LIFESTAG_003,SA,103,110,0.9363636363636364
PERSONA_008|INCOME_B_004|LIFESTAG_004,CC,20,59,0.3389830508474576
PERSONA_008|INCOME_B_004|LIFESTAG_004,HL,1,59,0.01694915254237288
PERSONA_008|INCOME_B_004|LIFESTAG_004,MF,8,59,0.13559322033898305
PERSONA_008|INCOME_B_004|LIFESTAG_004,PL,11,59,0.1864406779661017
PERSONA_008|INCOME_B_004|LIFESTAG_004,RD,22,59,0.3728813559322034
PERSONA_008|INCOME_B_004|LIFESTAG_004,SA,56,59,0.9491525423728814
PERSONA_008|INCOME_B_004|LIFESTAG_006,CC,85,209,0.40669856459330145
PERSONA_008|INCOME_B_004|LIFESTAG_006,HL,6,209,0.028708133971291867
PERSONA_008|INCOME_B_004|LIFESTAG_006,MF,23,209,0.11004784688995216
PERSONA_008|INCOME_B_004|LIFESTAG_006,PL,38,209,0.18181818181818182
PERSONA_008|INCOME_B_004|LIFESTAG_006,RD,30,209,0.14354066985645933
PERSONA_008|INCOME_B_004|LIFESTAG_006,SA,179,209,0.8564593301435407
