Customer ID,Date,Conversion month,Feature month used,Product converted,Product converted name
CUST1000160,2026-07-01,2026-07,2026-06,MF,Mutual Fund
CUST1000778,2026-07-01,2026-07,2026-06,MF,Mutual Fund
CUST1000812,2026-07-01,2026-07,2026-06,PL,Personal Loan
CUST1001610,2026-07-01,2026-07,2026-06,MF,Mutual Fund
CUST1002101,2026-07-01,2026-07,2026-06,PL,Personal Loan
CUST1002828,2026-07-01,2026-07,2026-06,PL,Personal Loan
CUST1002995,2026-07-01,2026-07,2026-06,PL,Personal Loan
CUST1003601,2026-07-01,2026-07,2026-06,SA,Savings Account
CUST1003971,2026-07-01,2026-07,2026-06,MF,Mutual Fund
CUST1004189,2026-07-01,2026-07,2026-06,CC,Credit Card
CUST1004919,2026-07-01,2026-07,2026-06,MF,Mutual Fund
CUST1005187,2026-07-01,2026-07,2026-06,CC,Credit Card
CUST1005624,2026-07-01,2026-07,2026-06,RD,Recurring Deposit
CUST1005645,2026-07-01,2026-07,2026-06,PL,Personal Loan
CUST1006395,2026-07-01,2026-07,2026-06,MF,Mutual Fund
CUST1006551,2026-07-01,2026-07,2026-06,PL,Personal Loan
CUST1007604,2026-07-01,2026-07,2026-06,PL,Personal Loan
CUST1008137,2026-07-01,2026-07,2026-06,SA,Savings Account
CUST1008211,2026-07-01,2026-07,2026-06,CC,Credit Card
CUST1008215,2026-07-01,2026-07,2026-06,PL,Personal Loan
CUST1008228,2026-07-01,2026-07,2026-06,HL,Home Loan
CUST1008680,2026-07-01,2026-07,2026-06,RD,Recurring Deposit
CUST1009617,2026-07-01,2026-07,2026-06,CC,Credit Card
CUST1010439,2026-07-01,2026-07,2026-06,CC,Credit Card
CUST1010691,2026-07-01,2026-07,2026-06,RD,Recurring Deposit
CUST1011440,2026-07-01,2026-07,2026-06,CC,Credit Card
CUST1011658,2026-07-01,2026-07,2026-06,PL,Personal Loan
CUST1011687,2026-07-01,2026-07,2026-06,RD,Recurring Deposit
CUST1011773,2026-07-01,2026-07,2026-06,CC,Credit Card
CUST1011805,2026-07-01,2026-07,2026-06,CC,Credit Card
CUST1011987,2026-07-01,2026-07,2026-06,CC,Credit Card
CUST1012385,2026-07-01,2026-07,2026-06,PL,Personal Loan
CUST1012405,2026-07-01,2026-07,2026-06,PL,Personal Loan
CUST1012459,2026-07-01,2026-07,2026-06,MF,Mutual Fund
CUST1012731,2026-07-01,2026-07,2026-06,CC,Credit Card
CUST1013262,2026-07-01,2026-07,2026-06,PL,Personal Loan
CUST1013870,2026-07-01,2026-07,2026-06,PL,Personal Loan
CUST1014156,2026-07-01,2026-07,2026-06,MF,Mutual Fund
CUST1014485,2026-07-01,2026-07,2026-06,MF,Mutual Fund
CUST1000273,2026-07-02,2026-07,2026-06,RD,Recurring Deposit
CUST1000473,2026-07-02,2026-07,2026-06,MF,Mutual Fund
CUST1000560,2026-07-02,2026-07,2026-06,MF,Mutual Fund
CUST1000694,2026-07-02,2026-07,2026-06,PL,Personal Loan
CUST1000785,2026-07-02,2026-07,2026-06,PL,Personal Loan
CUST1001160,2026-07-02,2026-07,2026-06,RD,Recurring Deposit
CUST1001368,2026-07-02,2026-07,2026-06,PL,Personal Loan
CUST1001606,2026-07-02,2026-07,2026-06,CC,Credit Card
CUST1001984,2026-07-02,2026-07,2026-06,HL,Home Loan
CUST1002554,2026-07-02,2026-07,2026-06,RD,Recurring Deposit
CUST1003199,2026-07-02,2026-07,2026-06,HL,Home Loan
CUST1003343,2026-07-02,2026-07,2026-06,RD,Recurring Deposit
CUST1003989,2026-07-02,2026-07,2026-06,PL,Personal Loan
CUST1004245,2026-07-02,2026-07,2026-06,RD,Recurring Deposit
CUST1004490,2026-07-02,2026-07,2026-06,MF,Mutual Fund
CUST1004504,2026-07-02,2026-07,2026-06,PL,Personal Loan
CUST1004544,2026-07-02,2026-07,2026-06,CC,Credit Card
CUST1005011,2026-07-02,2026-07,2026-06,CC,Credit Card
CUST1005371,2026-07-02,2026-07,2026-06,CC,Credit Card
CUST1005652,2026-07-02,2026-07,2026-06,RD,Recurring Deposit
CUST1005757,2026-07-02,2026-07,2026-06,MF,Mutual Fund
CUST1006062,2026-07-02,2026-07,2026-06,RD,Recurring Deposit
CUST1006166,2026-07-02,2026-07,2026-06,MF,Mutual Fund
CUST1006575,2026-07-02,2026-07,2026-06,PL,Personal Loan
CUST1006610,2026-07-02,2026-07,2026-06,HL,Home Loan
CUST1007054,2026-07-02,2026-07,2026-06,PL,Personal Loan
CUST1007076,2026-07-02,2026-07,2026-06,CC,Credit Card
CUST1007499,2026-07-02,2026-07,2026-06,CC,Credit Card
CUST1008188,2026-07-02,2026-07,2026-06,PL,Personal Loan
CUST1008282,2026-07-02,2026-07,2026-06,MF,Mutual Fund
CUST1008936,2026-07-02,2026-07,2026-06,CC,Credit Card
CUST1008993,2026-07-02,2026-07,2026-06,MF,Mutual Fund
CUST1009050,2026-07-02,2026-07,2026-06,PL,Personal Loan
CUST1009571,2026-07-02,2026-07,2026-06,MF,Mutual Fund
CUST1010212,2026-07-02,2026-07,2026-06,RD,Recurring Deposit
CUST1010407,2026-07-02,2026-07,2026-06,MF,Mutual Fund
CUST1010438,2026-07-02,2026-07,2026-06,MF,Mutual Fund
CUST1010631,2026-07-02,2026-07,2026-06,CC,Credit Card
CUST1011089,2026-07-02,2026-07,2026-06,MF,Mutual Fund
CUST1011207,2026-07-02,2026-07,2026-06,CC,Credit Card
CUST1011384,2026-07-02,2026-07,2026-06,MF,Mutual Fund
CUST1012175,2026-07-02,2026-07,2026-06,CC,Credit Card
CUST1012296,2026-07-02,2026-07,2026-06,PL,Personal Loan
CUST1013001,2026-07-02,2026-07,2026-06,RD,Recurring Deposit
CUST1014061,2026-07-02,2026-07,2026-06,PL,Personal Loan
CUST1014475,2026-07-02,2026-07,2026-06,HL,Home Loan
CUST1014877,2026-07-02,2026-07,2026-06,MF,Mutual Fund
CUST1000370,2026-07-03,2026-07,2026-06,RD,Recurring Deposit
CUST1000432,2026-07-03,2026-07,2026-06,SA,Savings Account
CUST1001245,2026-07-03,2026-07,2026-06,PL,Personal Loan
CUST1002245,2026-07-03,2026-07,2026-06,CC,Credit Card
CUST1003492,2026-07-03,2026-07,2026-06,CC,Credit Card
CUST1003533,2026-07-03,2026-07,2026-06,RD,Recurring Deposit
CUST1003536,2026-07-03,2026-07,2026-06,PL,Personal Loan
CUST1003559,2026-07-03,2026-07,2026-06,CC,Credit Card
CUST1003579,2026-07-03,2026-07,2026-06,MF,Mutual Fund
CUST1004091,2026-07-03,2026-07,2026-06,PL,Personal Loan
CUST1005664,2026-07-03,2026-07,2026-06,CC,Credit Card
CUST1006174,2026-07-03,2026-07,2026-06,HL,Home Loan
CUST1007063,2026-07-03,2026-07,2026-06,CC,Credit Card
CUST1007302,2026-07-03,2026-07,2026-06,PL,Personal Loan
CUST1007574,2026-07-03,2026-07,2026-06,PL,Personal Loan
CUST1008075,2026-07-03,2026-07,2026-06,CC,Credit Card
CUST1008776,2026-07-03,2026-07,2026-06,PL,Personal Loan
CUST1009182,2026-07-03,2026-07,2026-06,CC,Credit Card
CUST1009417,2026-07-03,2026-07,2026-06,PL,Personal Loan
CUST1009601,2026-07-03,2026-07,2026-06,CC,Credit Card
CUST1009796,2026-07-03,2026-07,2026-06,CC,Credit Card
CUST1010961,2026-07-03,2026-07,2026-06,MF,Mutual Fund
CUST1011047,2026-07-03,2026-07,2026-06,SA,Savings Account
CUST1011291,2026-07-03,2026-07,2026-06,CC,Credit Card
CUST1011556,2026-07-03,2026-07,2026-06,PL,Personal Loan
CUST1013304,2026-07-03,2026-07,2026-06,HL,Home Loan
CUST1013383,2026-07-03,2026-07,2026-06,CC,Credit Card
CUST1014433,2026-07-03,2026-07,2026-06,PL,Personal Loan
CUST1014452,2026-07-03,2026-07,2026-06,PL,Personal Loan
CUST1000480,2026-07-04,2026-07,2026-06,CC,Credit Card
CUST1000492,2026-07-04,2026-07,2026-06,CC,Credit Card
CUST1002212,2026-07-04,2026-07,2026-06,RD,Recurring Deposit
CUST1002638,2026-07-04,2026-07,2026-06,RD,Recurring Deposit
CUST1002905,2026-07-04,2026-07,2026-06,MF,Mutual Fund
CUST1003119,2026-07-04,2026-07,2026-06,MF,Mutual Fund
CUST1003130,2026-07-04,2026-07,2026-06,PL,Personal Loan
CUST1003164,2026-07-04,2026-07,2026-06,MF,Mutual Fund
CUST1004215,2026-07-04,2026-07,2026-06,MF,Mutual Fund
CUST1004654,2026-07-04,2026-07,2026-06,MF,Mutual Fund
CUST1004823,2026-07-04,2026-07,2026-06,CC,Credit Card
CUST1005262,2026-07-04,2026-07,2026-06,CC,Credit Card
CUST1005559,2026-07-04,2026-07,2026-06,CC,Credit Card
CUST1005793,2026-07-04,2026-07,2026-06,MF,Mutual Fund
CUST1006125,2026-07-04,2026-07,2026-06,CC,Credit Card
CUST1006153,2026-07-04,2026-07,2026-06,PL,Personal Loan
CUST1006641,2026-07-04,2026-07,2026-06,CC,Credit Card
CUST1006730,2026-07-04,2026-07,2026-06,MF,Mutual Fund
CUST1007001,2026-07-04,2026-07,2026-06,MF,Mutual Fund
CUST1007947,2026-07-04,2026-07,2026-06,PL,Personal Loan
CUST1008123,2026-07-04,2026-07,2026-06,PL,Personal Loan
CUST1008419,2026-07-04,2026-07,2026-06,RD,Recurring Deposit
CUST1008668,2026-07-04,2026-07,2026-06,MF,Mutual Fund
CUST1008869,2026-07-04,2026-07,2026-06,PL,Personal Loan
CUST1009207,2026-07-04,2026-07,2026-06,RD,Recurring Deposit
CUST1009365,2026-07-04,2026-07,2026-06,PL,Personal Loan
CUST1009900,2026-07-04,2026-07,2026-06,RD,Recurring Deposit
CUST1010339,2026-07-04,2026-07,2026-06,MF,Mutual Fund
CUST1010437,2026-07-04,2026-07,2026-06,RD,Recurring Deposit
CUST1010950,2026-07-04,2026-07,2026-06,PL,Personal Loan
CUST1011373,2026-07-04,2026-07,2026-06,SA,Savings Account
CUST1011708,2026-07-04,2026-07,2026-06,CC,Credit Card
CUST1012196,2026-07-04,2026-07,2026-06,HL,Home Loan
CUST1012361,2026-07-04,2026-07,2026-06,CC,Credit Card
CUST1013185,2026-07-04,2026-07,2026-06,PL,Personal Loan
CUST1013743,2026-07-04,2026-07,2026-06,PL,Personal Loan
CUST1013792,2026-07-04,2026-07,2026-06,MF,Mutual Fund
CUST1014121,2026-07-04,2026-07,2026-06,RD,Recurring Deposit
CUST1014496,2026-07-04,2026-07,2026-06,RD,Recurring Deposit
CUST1014558,2026-07-04,2026-07,2026-06,PL,Personal Loan
CUST1000253,2026-07-05,2026-07,2026-06,RD,Recurring Deposit
CUST1000298,2026-07-05,2026-07,2026-06,PL,Personal Loan
CUST1000467,2026-07-05,2026-07,2026-06,PL,Personal Loan
CUST1000641,2026-07-05,2026-07,2026-06,CC,Credit Card
CUST1000869,2026-07-05,2026-07,2026-06,HL,Home Loan
CUST1001008,2026-07-05,2026-07,2026-06,MF,Mutual Fund
CUST1001034,2026-07-05,2026-07,2026-06,PL,Personal Loan
CUST1001554,2026-07-05,2026-07,2026-06,PL,Personal Loan
CUST1002082,2026-07-05,2026-07,2026-06,CC,Credit Card
CUST1003274,2026-07-05,2026-07,2026-06,SA,Savings Account
CUST1003732,2026-07-05,2026-07,2026-06,PL,Personal Loan
CUST1003933,2026-07-05,2026-07,2026-06,RD,Recurring Deposit
CUST1003982,2026-07-05,2026-07,2026-06,CC,Credit Card
CUST1004178,2026-07-05,2026-07,2026-06,HL,Home Loan
CUST1004762,2026-07-05,2026-07,2026-06,PL,Personal Loan
CUST1005516,2026-07-05,2026-07,2026-06,MF,Mutual Fund
CUST1005868,2026-07-05,2026-07,2026-06,MF,Mutual Fund
CUST1005913,2026-07-05,2026-07,2026-06,MF,Mutual Fund
CUST1006329,2026-07-05,2026-07,2026-06,MF,Mutual Fund
CUST1006369,2026-07-05,2026-07,2026-06,RD,Recurring Deposit
CUST1006753,2026-07-05,2026-07,2026-06,CC,Credit Card
CUST1006918,2026-07-05,2026-07,2026-06,RD,Recurring Deposit
CUST1007279,2026-07-05,2026-07,2026-06,HL,Home Loan
CUST1007465,2026-07-05,2026-07,2026-06,SA,Savings Account
CUST1008634,2026-07-05,2026-07,2026-06,RD,Recurring Deposit
CUST1008901,2026-07-05,2026-07,2026-06,MF,Mutual Fund
CUST1009739,2026-07-05,2026-07,2026-06,RD,Recurring Deposit
CUST1010150,2026-07-05,2026-07,2026-06,PL,Personal Loan
CUST1010354,2026-07-05,2026-07,2026-06,RD,Recurring Deposit
CUST1010638,2026-07-05,2026-07,2026-06,PL,Personal Loan
CUST1010712,2026-07-05,2026-07,2026-06,MF,Mutual Fund
CUST1010755,2026-07-05,2026-07,2026-06,PL,Personal Loan
CUST1010841,2026-07-05,2026-07,2026-06,PL,Personal Loan
CUST1011110,2026-07-05,2026-07,2026-06,CC,Credit Card
CUST1011275,2026-07-05,2026-07,2026-06,CC,Credit Card
CUST1011618,2026-07-05,2026-07,2026-06,MF,Mutual Fund
CUST1012038,2026-07-05,2026-07,2026-06,CC,Credit Card
CUST1012139,2026-07-05,2026-07,2026-06,CC,Credit Card
CUST1012424,2026-07-05,2026-07,2026-06,PL,Personal Loan
CUST1012989,2026-07-05,2026-07,2026-06,CC,Credit Card
CUST1013154,2026-07-05,2026-07,2026-06,PL,Personal Loan
CUST1013212,2026-07-05,2026-07,2026-06,CC,Credit Card
CUST1013349,2026-07-05,2026-07,2026-06,CC,Credit Card
CUST1013453,2026-07-05,2026-07,2026-06,PL,Personal Loan
CUST1013633,2026-07-05,2026-07,2026-06,RD,Recurring Deposit
CUST1014411,2026-07-05,2026-07,2026-06,PL,Personal Loan
CUST1014796,2026-07-05,2026-07,2026-06,MF,Mutual Fund
CUST1014923,2026-07-05,2026-07,2026-06,PL,Personal Loan
CUST1000133,2026-07-06,2026-07,2026-06,CC,Credit Card
CUST1000793,2026-07-06,2026-07,2026-06,PL,Personal Loan
CUST1001795,2026-07-06,2026-07,2026-06,CC,Credit Card
CUST1002292,2026-07-06,2026-07,2026-06,CC,Credit Card
CUST1002325,2026-07-06,2026-07,2026-06,CC,Credit Card
CUST1002395,2026-07-06,2026-07,2026-06,CC,Credit Card
CUST1003058,2026-07-06,2026-07,2026-06,CC,Credit Card
CUST1003154,2026-07-06,2026-07,2026-06,CC,Credit Card
CUST1003585,2026-07-06,2026-07,2026-06,PL,Personal Loan
CUST1003631,2026-07-06,2026-07,2026-06,CC,Credit Card
CUST1004041,2026-07-06,2026-07,2026-06,SA,Savings Account
CUST1004268,2026-07-06,2026-07,2026-06,CC,Credit Card
CUST1005571,2026-07-06,2026-07,2026-06,PL,Personal Loan
CUST1005898,2026-07-06,2026-07,2026-06,HL,Home Loan
CUST1006562,2026-07-06,2026-07,2026-06,RD,Recurring Deposit
CUST1006928,2026-07-06,2026-07,2026-06,MF,Mutual Fund
CUST1007184,2026-07-06,2026-07,2026-06,MF,Mutual Fund
CUST1007573,2026-07-06,2026-07,2026-06,PL,Personal Loan
CUST1007655,2026-07-06,2026-07,2026-06,PL,Personal Loan
CUST1007875,2026-07-06,2026-07,2026-06,PL,Personal Loan
CUST1008155,2026-07-06,2026-07,2026-06,HL,Home Loan
CUST1008295,2026-07-06,2026-07,2026-06,PL,Personal Loan
CUST1008631,2026-07-06,2026-07,2026-06,HL,Home Loan
CUST1008737,2026-07-06,2026-07,2026-06,HL,Home Loan
CUST1008943,2026-07-06,2026-07,2026-06,RD,Recurring Deposit
CUST1009368,2026-07-06,2026-07,2026-06,CC,Credit Card
CUST1009439,2026-07-06,2026-07,2026-06,PL,Personal Loan
CUST1009647,2026-07-06,2026-07,2026-06,CC,Credit Card
CUST1010622,2026-07-06,2026-07,2026-06,CC,Credit Card
CUST1011048,2026-07-06,2026-07,2026-06,CC,Credit Card
CUST1011792,2026-07-06,2026-07,2026-06,CC,Credit Card
CUST1012068,2026-07-06,2026-07,2026-06,MF,Mutual Fund
CUST1012340,2026-07-06,2026-07,2026-06,MF,Mutual Fund
CUST1012421,2026-07-06,2026-07,2026-06,MF,Mutual Fund
CUST1012628,2026-07-06,2026-07,2026-06,MF,Mutual Fund
CUST1012740,2026-07-06,2026-07,2026-06,CC,Credit Card
CUST1013090,2026-07-06,2026-07,2026-06,CC,Credit Card
CUST1013420,2026-07-06,2026-07,2026-06,PL,Personal Loan
CUST1013499,2026-07-06,2026-07,2026-06,CC,Credit Card
CUST1013996,2026-07-06,2026-07,2026-06,PL,Personal Loan
CUST1014158,2026-07-06,2026-07,2026-06,HL,Home Loan
CUST1014273,2026-07-06,2026-07,2026-06,HL,Home Loan
CUST1000885,2026-07-07,2026-07,2026-06,CC,Credit Card
CUST1002232,2026-07-07,2026-07,2026-06,HL,Home Loan
CUST1002466,2026-07-07,2026-07,2026-06,MF,Mutual Fund
CUST1002507,2026-07-07,2026-07,2026-06,PL,Personal Loan
CUST1003306,2026-07-07,2026-07,2026-06,PL,Personal Loan
CUST1003473,2026-07-07,2026-07,2026-06,RD,Recurring Deposit
CUST1003898,2026-07-07,2026-07,2026-06,PL,Personal Loan
CUST1003927,2026-07-07,2026-07,2026-06,RD,Recurring Deposit
CUST1004694,2026-07-07,2026-07,2026-06,MF,Mutual Fund
CUST1004757,2026-07-07,2026-07,2026-06,MF,Mutual Fund
CUST1004912,2026-07-07,2026-07,2026-06,MF,Mutual Fund
CUST1005655,2026-07-07,2026-07,2026-06,CC,Credit Card
CUST1005688,2026-07-07,2026-07,2026-06,PL,Personal Loan
CUST1006011,2026-07-07,2026-07,2026-06,MF,Mutual Fund
CUST1006223,2026-07-07,2026-07,2026-06,PL,Personal Loan
CUST1006418,2026-07-07,2026-07,2026-06,CC,Credit Card
CUST1006886,2026-07-07,2026-07,2026-06,HL,Home Loan
CUST1007058,2026-07-07,2026-07,2026-06,CC,Credit Card
CUST1007461,2026-07-07,2026-07,2026-06,PL,Personal Loan
CUST1009200,2026-07-07,2026-07,2026-06,PL,Personal Loan
CUST1009722,2026-07-07,2026-07,2026-06,PL,Personal Loan
CUST1010318,2026-07-07,2026-07,2026-06,CC,Credit Card
CUST1010392,2026-07-07,2026-07,2026-06,CC,Credit Card
CUST1010520,2026-07-07,2026-07,2026-06,PL,Personal Loan
CUST1011783,2026-07-07,2026-07,2026-06,PL,Personal Loan
CUST1011887,2026-07-07,2026-07,2026-06,MF,Mutual Fund
CUST1011902,2026-07-07,2026-07,2026-06,RD,Recurring Deposit
CUST1012005,2026-07-07,2026-07,2026-06,MF,Mutual Fund
CUST1012243,2026-07-07,2026-07,2026-06,MF,Mutual Fund
CUST1013396,2026-07-07,2026-07,2026-06,PL,Personal Loan
CUST1013454,2026-07-07,2026-07,2026-06,CC,Credit Card
CUST1014115,2026-07-07,2026-07,2026-06,SA,Savings Account
CUST1014228,2026-07-07,2026-07,2026-06,MF,Mutual Fund
CUST1014382,2026-07-07,2026-07,2026-06,CC,Credit Card
CUST1014567,2026-07-07,2026-07,2026-06,MF,Mutual Fund
CUST1014587,2026-07-07,2026-07,2026-06,RD,Recurring Deposit
CUST1000021,2026-07-08,2026-07,2026-06,MF,Mutual Fund
CUST1000697,2026-07-08,2026-07,2026-06,CC,Credit Card
CUST1000795,2026-07-08,2026-07,2026-06,HL,Home Loan
CUST1001063,2026-07-08,2026-07,2026-06,MF,Mutual Fund
CUST1001064,2026-07-08,2026-07,2026-06,CC,Credit Card
CUST1001289,2026-07-08,2026-07,2026-06,MF,Mutual Fund
CUST1001802,2026-07-08,2026-07,2026-06,MF,Mutual Fund
CUST1001900,2026-07-08,2026-07,2026-06,RD,Recurring Deposit
CUST1002315,2026-07-08,2026-07,2026-06,PL,Personal Loan
CUST1002318,2026-07-08,2026-07,2026-06,PL,Personal Loan
CUST1002410,2026-07-08,2026-07,2026-06,CC,Credit Card
CUST1002465,2026-07-08,2026-07,2026-06,CC,Credit Card
CUST1003178,2026-07-08,2026-07,2026-06,CC,Credit Card
CUST1003698,2026-07-08,2026-07,2026-06,MF,Mutual Fund
CUST1003720,2026-07-08,2026-07,2026-06,CC,Credit Card
CUST1003867,2026-07-08,2026-07,2026-06,RD,Recurring Deposit
CUST1004062,2026-07-08,2026-07,2026-06,MF,Mutual Fund
CUST1004160,2026-07-08,2026-07,2026-06,CC,Credit Card
CUST1004250,2026-07-08,2026-07,2026-06,PL,Personal Loan
CUST1004562,2026-07-08,2026-07,2026-06,RD,Recurring Deposit
CUST1005415,2026-07-08,2026-07,2026-06,MF,Mutual Fund
CUST1006084,2026-07-08,2026-07,2026-06,CC,Credit Card
CUST1006658,2026-07-08,2026-07,2026-06,CC,Credit Card
CUST1006885,2026-07-08,2026-07,2026-06,MF,Mutual Fund
CUST1006941,2026-07-08,2026-07,2026-06,PL,Personal Loan
CUST1007024,2026-07-08,2026-07,2026-06,CC,Credit Card
CUST1007033,2026-07-08,2026-07,2026-06,MF,Mutual Fund
CUST1007133,2026-07-08,2026-07,2026-06,CC,Credit Card
CUST1007163,2026-07-08,2026-07,2026-06,CC,Credit Card
CUST1007520,2026-07-08,2026-07,2026-06,PL,Personal Loan
CUST1007594,2026-07-08,2026-07,2026-06,PL,Personal Loan
CUST1007619,2026-07-08,2026-07,2026-06,PL,Personal Loan
CUST1007708,2026-07-08,2026-07,2026-06,CC,Credit Card
CUST1008023,2026-07-08,2026-07,2026-06,PL,Personal Loan
CUST1008353,2026-07-08,2026-07,2026-06,RD,Recurring Deposit
CUST1008386,2026-07-08,2026-07,2026-06,CC,Credit Card
CUST1008540,2026-07-08,2026-07,2026-06,PL,Personal Loan
CUST1008592,2026-07-08,2026-07,2026-06,PL,Personal Loan
CUST1009303,2026-07-08,2026-07,2026-06,CC,Credit Card
CUST1009498,2026-07-08,2026-07,2026-06,PL,Personal Loan
CUST1010367,2026-07-08,2026-07,2026-06,CC,Credit Card
CUST1010487,2026-07-08,2026-07,2026-06,RD,Recurring Deposit
CUST1010935,2026-07-08,2026-07,2026-06,MF,Mutual Fund
CUST1011321,2026-07-08,2026-07,2026-06,PL,Personal Loan
CUST1011360,2026-07-08,2026-07,2026-06,CC,Credit Card
CUST1012223,2026-07-08,2026-07,2026-06,PL,Personal Loan
CUST1012429,2026-07-08,2026-07,2026-06,RD,Recurring Deposit
CUST1012552,2026-07-08,2026-07,2026-06,PL,Personal Loan
CUST1012807,2026-07-08,2026-07,2026-06,MF,Mutual Fund
CUST1013873,2026-07-08,2026-07,2026-06,CC,Credit Card
CUST1013927,2026-07-08,2026-07,2026-06,RD,Recurring Deposit
CUST1014669,2026-07-08,2026-07,2026-06,PL,Personal Loan
CUST1014812,2026-07-08,2026-07,2026-06,MF,Mutual Fund
CUST1000090,2026-07-09,2026-07,2026-06,PL,Personal Loan
CUST1000998,2026-07-09,2026-07,2026-06,MF,Mutual Fund
CUST1001085,2026-07-09,2026-07,2026-06,CC,Credit Card
CUST1001507,2026-07-09,2026-07,2026-06,MF,Mutual Fund
CUST1001881,2026-07-09,2026-07,2026-06,PL,Personal Loan
CUST1001905,2026-07-09,2026-07,2026-06,CC,Credit Card
CUST1002060,2026-07-09,2026-07,2026-06,RD,Recurring Deposit
CUST1002599,2026-07-09,2026-07,2026-06,PL,Personal Loan
CUST1002757,2026-07-09,2026-07,2026-06,RD,Recurring Deposit
CUST1003069,2026-07-09,2026-07,2026-06,CC,Credit Card
CUST1003442,2026-07-09,2026-07,2026-06,RD,Recurring Deposit
CUST1003717,2026-07-09,2026-07,2026-06,HL,Home Loan
CUST1004749,2026-07-09,2026-07,2026-06,HL,Home Loan
CUST1005512,2026-07-09,2026-07,2026-06,SA,Savings Account
CUST1006089,2026-07-09,2026-07,2026-06,CC,Credit Card
CUST1006643,2026-07-09,2026-07,2026-06,PL,Personal Loan
CUST1008384,2026-07-09,2026-07,2026-06,HL,Home Loan
CUST1008559,2026-07-09,2026-07,2026-06,MF,Mutual Fund
CUST1008579,2026-07-09,2026-07,2026-06,MF,Mutual Fund
CUST1008815,2026-07-09,2026-07,2026-06,RD,Recurring Deposit
CUST1009390,2026-07-09,2026-07,2026-06,RD,Recurring Deposit
CUST1009440,2026-07-09,2026-07,2026-06,MF,Mutual Fund
CUST1012776,2026-07-09,2026-07,2026-06,HL,Home Loan
CUST1014014,2026-07-09,2026-07,2026-06,PL,Personal Loan
CUST1014136,2026-07-09,2026-07,2026-06,PL,Personal Loan
CUST1014370,2026-07-09,2026-07,2026-06,MF,Mutual Fund
CUST1014432,2026-07-09,2026-07,2026-06,PL,Personal Loan
CUST1014746,2026-07-09,2026-07,2026-06,CC,Credit Card
CUST1014813,2026-07-09,2026-07,2026-06,SA,Savings Account
CUST1000147,2026-07-10,2026-07,2026-06,MF,Mutual Fund
CUST1000457,2026-07-10,2026-07,2026-06,MF,Mutual Fund
CUST1000841,2026-07-10,2026-07,2026-06,PL,Personal Loan
CUST1001423,2026-07-10,2026-07,2026-06,MF,Mutual Fund
CUST1001469,2026-07-10,2026-07,2026-06,RD,Recurring Deposit
CUST1001632,2026-07-10,2026-07,2026-06,HL,Home Loan
CUST1001772,2026-07-10,2026-07,2026-06,CC,Credit Card
CUST1002072,2026-07-10,2026-07,2026-06,MF,Mutual Fund
CUST1002216,2026-07-10,2026-07,2026-06,PL,Personal Loan
CUST1002603,2026-07-10,2026-07,2026-06,CC,Credit Card
CUST1002781,2026-07-10,2026-07,2026-06,MF,Mutual Fund
CUST1002802,2026-07-10,2026-07,2026-06,PL,Personal Loan
CUST1003036,2026-07-10,2026-07,2026-06,HL,Home Loan
CUST1003510,2026-07-10,2026-07,2026-06,PL,Personal Loan
CUST1003938,2026-07-10,2026-07,2026-06,CC,Credit Card
CUST1004255,2026-07-10,2026-07,2026-06,MF,Mutual Fund
CUST1004408,2026-07-10,2026-07,2026-06,MF,Mutual Fund
CUST1005615,2026-07-10,2026-07,2026-06,PL,Personal Loan
CUST1005625,2026-07-10,2026-07,2026-06,MF,Mutual Fund
CUST1005946,2026-07-10,2026-07,2026-06,PL,Personal Loan
CUST1006028,2026-07-10,2026-07,2026-06,CC,Credit Card
CUST1006695,2026-07-10,2026-07,2026-06,RD,Recurring Deposit
CUST1007399,2026-07-10,2026-07,2026-06,RD,Recurring Deposit
CUST1007652,2026-07-10,2026-07,2026-06,CC,Credit Card
CUST1007821,2026-07-10,2026-07,2026-06,PL,Personal Loan
CUST1007884,2026-07-10,2026-07,2026-06,CC,Credit Card
CUST1008286,2026-07-10,2026-07,2026-06,CC,Credit Card
CUST1008661,2026-07-10,2026-07,2026-06,CC,Credit Card
CUST1008859,2026-07-10,2026-07,2026-06,MF,Mutual Fund
CUST1009122,2026-07-10,2026-07,2026-06,SA,Savings Account
CUST1009318,2026-07-10,2026-07,2026-06,MF,Mutual Fund
CUST1009783,2026-07-10,2026-07,2026-06,MF,Mutual Fund
CUST1009789,2026-07-10,2026-07,2026-06,PL,Personal Loan
CUST1009901,2026-07-10,2026-07,2026-06,RD,Recurring Deposit
CUST1010216,2026-07-10,2026-07,2026-06,PL,Personal Loan
CUST1010623,2026-07-10,2026-07,2026-06,CC,Credit Card
CUST1010636,2026-07-10,2026-07,2026-06,MF,Mutual Fund
CUST1010782,2026-07-10,2026-07,2026-06,MF,Mutual Fund
CUST1010812,2026-07-10,2026-07,2026-06,RD,Recurring Deposit
CUST1010872,2026-07-10,2026-07,2026-06,CC,Credit Card
CUST1010957,2026-07-10,2026-07,2026-06,CC,Credit Card
CUST1011020,2026-07-10,2026-07,2026-06,PL,Personal Loan
CUST1011088,2026-07-10,2026-07,2026-06,CC,Credit Card
CUST1011886,2026-07-10,2026-07,2026-06,MF,Mutual Fund
CUST1011911,2026-07-10,2026-07,2026-06,HL,Home Loan
CUST1012687,2026-07-10,2026-07,2026-06,PL,Personal Loan
CUST1012746,2026-07-10,2026-07,2026-06,CC,Credit Card
CUST1012784,2026-07-10,2026-07,2026-06,PL,Personal Loan
CUST1012956,2026-07-10,2026-07,2026-06,RD,Recurring Deposit
CUST1013199,2026-07-10,2026-07,2026-06,CC,Credit Card
CUST1013704,2026-07-10,2026-07,2026-06,CC,Credit Card
CUST1013849,2026-07-10,2026-07,2026-06,CC,Credit Card
CUST1014728,2026-07-10,2026-07,2026-06,CC,Credit Card
CUST1014802,2026-07-10,2026-07,2026-06,CC,Credit Card
CUST1000288,2026-07-11,2026-07,2026-06,CC,Credit Card
CUST1000325,2026-07-11,2026-07,2026-06,MF,Mutual Fund
CUST1000958,2026-07-11,2026-07,2026-06,PL,Personal Loan
CUST1001132,2026-07-11,2026-07,2026-06,MF,Mutual Fund
CUST1001531,2026-07-11,2026-07,2026-06,CC,Credit Card
CUST1001768,2026-07-11,2026-07,2026-06,MF,Mutual Fund
CUST1002904,2026-07-11,2026-07,2026-06,CC,Credit Card
CUST1003123,2026-07-11,2026-07,2026-06,CC,Credit Card
CUST1003301,2026-07-11,2026-07,2026-06,CC,Credit Card
CUST1003452,2026-07-11,2026-07,2026-06,RD,Recurring Deposit
CUST1003630,2026-07-11,2026-07,2026-06,PL,Personal Loan
CUST1004670,2026-07-11,2026-07,2026-06,RD,Recurring Deposit
CUST1005988,2026-07-11,2026-07,2026-06,MF,Mutual Fund
CUST1006427,2026-07-11,2026-07,2026-06,CC,Credit Card
CUST1006608,2026-07-11,2026-07,2026-06,CC,Credit Card
CUST1006722,2026-07-11,2026-07,2026-06,HL,Home Loan
CUST1007018,2026-07-11,2026-07,2026-06,RD,Recurring Deposit
CUST1007387,2026-07-11,2026-07,2026-06,HL,Home Loan
CUST1008424,2026-07-11,2026-07,2026-06,PL,Personal Loan
CUST1008639,2026-07-11,2026-07,2026-06,CC,Credit Card
CUST1009193,2026-07-11,2026-07,2026-06,PL,Personal Loan
CUST1009438,2026-07-11,2026-07,2026-06,PL,Personal Loan
CUST1009608,2026-07-11,2026-07,2026-06,RD,Recurring Deposit
CUST1009777,2026-07-11,2026-07,2026-06,PL,Personal Loan
CUST1009928,2026-07-11,2026-07,2026-06,MF,Mutual Fund
CUST1010302,2026-07-11,2026-07,2026-06,PL,Personal Loan
CUST1010834,2026-07-11,2026-07,2026-06,CC,Credit Card
CUST1010975,2026-07-11,2026-07,2026-06,PL,Personal Loan
CUST1012859,2026-07-11,2026-07,2026-06,PL,Personal Loan
CUST1013506,2026-07-11,2026-07,2026-06,RD,Recurring Deposit
CUST1002014,2026-07-12,2026-07,2026-06,PL,Personal Loan
CUST1002069,2026-07-12,2026-07,2026-06,MF,Mutual Fund
CUST1003136,2026-07-12,2026-07,2026-06,MF,Mutual Fund
CUST1003419,2026-07-12,2026-07,2026-06,RD,Recurring Deposit
CUST1003948,2026-07-12,2026-07,2026-06,PL,Personal Loan
CUST1004472,2026-07-12,2026-07,2026-06,MF,Mutual Fund
CUST1004574,2026-07-12,2026-07,2026-06,HL,Home Loan
CUST1005097,2026-07-12,2026-07,2026-06,MF,Mutual Fund
CUST1005176,2026-07-12,2026-07,2026-06,HL,Home Loan
CUST1005592,2026-07-12,2026-07,2026-06,PL,Personal Loan
CUST1005762,2026-07-12,2026-07,2026-06,PL,Personal Loan
CUST1005830,2026-07-12,2026-07,2026-06,PL,Personal Loan
CUST1005928,2026-07-12,2026-07,2026-06,PL,Personal Loan
CUST1006097,2026-07-12,2026-07,2026-06,PL,Personal Loan
CUST1007152,2026-07-12,2026-07,2026-06,RD,Recurring Deposit
CUST1008362,2026-07-12,2026-07,2026-06,CC,Credit Card
CUST1008589,2026-07-12,2026-07,2026-06,CC,Credit Card
CUST1009703,2026-07-12,2026-07,2026-06,SA,Savings Account
CUST1009812,2026-07-12,2026-07,2026-06,MF,Mutual Fund
CUST1009953,2026-07-12,2026-07,2026-06,PL,Personal Loan
CUST1010650,2026-07-12,2026-07,2026-06,MF,Mutual Fund
CUST1010671,2026-07-12,2026-07,2026-06,PL,Personal Loan
CUST1010761,2026-07-12,2026-07,2026-06,HL,Home Loan
CUST1011032,2026-07-12,2026-07,2026-06,MF,Mutual Fund
CUST1012057,2026-07-12,2026-07,2026-06,PL,Personal Loan
CUST1014194,2026-07-12,2026-07,2026-06,PL,Personal Loan
CUST1014450,2026-07-12,2026-07,2026-06,CC,Credit Card
CUST1014727,2026-07-12,2026-07,2026-06,MF,Mutual Fund
CUST1000493,2026-07-13,2026-07,2026-06,MF,Mutual Fund
CUST1000788,2026-07-13,2026-07,2026-06,MF,Mutual Fund
CUST1001247,2026-07-13,2026-07,2026-06,HL,Home Loan
CUST1001481,2026-07-13,2026-07,2026-06,MF,Mutual Fund
CUST1002138,2026-07-13,2026-07,2026-06,MF,Mutual Fund
CUST1002207,2026-07-13,2026-07,2026-06,PL,Personal Loan
CUST1002226,2026-07-13,2026-07,2026-06,CC,Credit Card
CUST1003612,2026-07-13,2026-07,2026-06,CC,Credit Card
CUST1003674,2026-07-13,2026-07,2026-06,RD,Recurring Deposit
CUST1003737,2026-07-13,2026-07,2026-06,MF,Mutual Fund
CUST1003995,2026-07-13,2026-07,2026-06,PL,Personal Loan
CUST1004102,2026-07-13,2026-07,2026-06,PL,Personal Loan
CUST1004135,2026-07-13,2026-07,2026-06,MF,Mutual Fund
CUST1004326,2026-07-13,2026-07,2026-06,PL,Personal Loan
CUST1004401,2026-07-13,2026-07,2026-06,CC,Credit Card
CUST1004661,2026-07-13,2026-07,2026-06,RD,Recurring Deposit
CUST1005844,2026-07-13,2026-07,2026-06,RD,Recurring Deposit
CUST1005863,2026-07-13,2026-07,2026-06,MF,Mutual Fund
CUST1006063,2026-07-13,2026-07,2026-06,MF,Mutual Fund
CUST1006495,2026-07-13,2026-07,2026-06,PL,Personal Loan
CUST1006764,2026-07-13,2026-07,2026-06,PL,Personal Loan
CUST1007504,2026-07-13,2026-07,2026-06,CC,Credit Card
CUST1008111,2026-07-13,2026-07,2026-06,HL,Home Loan
CUST1008766,2026-07-13,2026-07,2026-06,MF,Mutual Fund
CUST1009331,2026-07-13,2026-07,2026-06,PL,Personal Loan
CUST1009360,2026-07-13,2026-07,2026-06,CC,Credit Card
CUST1009682,2026-07-13,2026-07,2026-06,HL,Home Loan
CUST1010184,2026-07-13,2026-07,2026-06,RD,Recurring Deposit
CUST1010331,2026-07-13,2026-07,2026-06,CC,Credit Card
CUST1010580,2026-07-13,2026-07,2026-06,MF,Mutual Fund
CUST1010985,2026-07-13,2026-07,2026-06,CC,Credit Card
CUST1011587,2026-07-13,2026-07,2026-06,PL,Personal Loan
CUST1012511,2026-07-13,2026-07,2026-06,CC,Credit Card
CUST1012991,2026-07-13,2026-07,2026-06,CC,Credit Card
CUST1013099,2026-07-13,2026-07,2026-06,CC,Credit Card
CUST1014127,2026-07-13,2026-07,2026-06,HL,Home Loan
CUST1014343,2026-07-13,2026-07,2026-06,RD,Recurring Deposit
CUST1000809,2026-07-14,2026-07,2026-06,RD,Recurring Deposit
CUST1001334,2026-07-14,2026-07,2026-06,PL,Personal Loan
CUST1001614,2026-07-14,2026-07,2026-06,MF,Mutual Fund
CUST1001742,2026-07-14,2026-07,2026-06,RD,Recurring Deposit
CUST1002118,2026-07-14,2026-07,2026-06,CC,Credit Card
CUST1002938,2026-07-14,2026-07,2026-06,PL,Personal Loan
CUST1003431,2026-07-14,2026-07,2026-06,MF,Mutual Fund
CUST1003653,2026-07-14,2026-07,2026-06,RD,Recurring Deposit
CUST1003678,2026-07-14,2026-07,2026-06,CC,Credit Card
CUST1004293,2026-07-14,2026-07,2026-06,CC,Credit Card
CUST1004482,2026-07-14,2026-07,2026-06,RD,Recurring Deposit
CUST1005198,2026-07-14,2026-07,2026-06,CC,Credit Card
CUST1005881,2026-07-14,2026-07,2026-06,MF,Mutual Fund
CUST1006359,2026-07-14,2026-07,2026-06,CC,Credit Card
CUST1006443,2026-07-14,2026-07,2026-06,CC,Credit Card
CUST1006682,2026-07-14,2026-07,2026-06,RD,Recurring Deposit
CUST1007879,2026-07-14,2026-07,2026-06,MF,Mutual Fund
CUST1008152,2026-07-14,2026-07,2026-06,MF,Mutual Fund
CUST1008273,2026-07-14,2026-07,2026-06,MF,Mutual Fund
CUST1008378,2026-07-14,2026-07,2026-06,MF,Mutual Fund
CUST1008526,2026-07-14,2026-07,2026-06,PL,Personal Loan
CUST1009464,2026-07-14,2026-07,2026-06,CC,Credit Card
CUST1009841,2026-07-14,2026-07,2026-06,PL,Personal Loan
CUST1009914,2026-07-14,2026-07,2026-06,MF,Mutual Fund
CUST1010658,2026-07-14,2026-07,2026-06,PL,Personal Loan
CUST1010776,2026-07-14,2026-07,2026-06,MF,Mutual Fund
CUST1011227,2026-07-14,2026-07,2026-06,MF,Mutual Fund
CUST1012110,2026-07-14,2026-07,2026-06,PL,Personal Loan
CUST1012263,2026-07-14,2026-07,2026-06,PL,Personal Loan
CUST1012374,2026-07-14,2026-07,2026-06,CC,Credit Card
CUST1012982,2026-07-14,2026-07,2026-06,RD,Recurring Deposit
CUST1013227,2026-07-14,2026-07,2026-06,CC,Credit Card
CUST1014180,2026-07-14,2026-07,2026-06,PL,Personal Loan
CUST1014404,2026-07-14,2026-07,2026-06,MF,Mutual Fund
CUST1000300,2026-07-15,2026-07,2026-06,CC,Credit Card
CUST1000319,2026-07-15,2026-07,2026-06,MF,Mutual Fund
CUST1000597,2026-07-15,2026-07,2026-06,PL,Personal Loan
CUST1001500,2026-07-15,2026-07,2026-06,RD,Recurring Deposit
CUST1002282,2026-07-15,2026-07,2026-06,MF,Mutual Fund
CUST1002775,2026-07-15,2026-07,2026-06,PL,Personal Loan
CUST1002963,2026-07-15,2026-07,2026-06,CC,Credit Card
CUST1002976,2026-07-15,2026-07,2026-06,PL,Personal Loan
CUST1003043,2026-07-15,2026-07,2026-06,CC,Credit Card
CUST1003407,2026-07-15,2026-07,2026-06,RD,Recurring Deposit
CUST1003658,2026-07-15,2026-07,2026-06,MF,Mutual Fund
CUST1004480,2026-07-15,2026-07,2026-06,PL,Personal Loan
CUST1004588,2026-07-15,2026-07,2026-06,RD,Recurring Deposit
CUST1004693,2026-07-15,2026-07,2026-06,RD,Recurring Deposit
CUST1006037,2026-07-15,2026-07,2026-06,CC,Credit Card
CUST1006179,2026-07-15,2026-07,2026-06,PL,Personal Loan
CUST1006324,2026-07-15,2026-07,2026-06,CC,Credit Card
CUST1006419,2026-07-15,2026-07,2026-06,MF,Mutual Fund
CUST1006460,2026-07-15,2026-07,2026-06,CC,Credit Card
CUST1006605,2026-07-15,2026-07,2026-06,PL,Personal Loan
CUST1008278,2026-07-15,2026-07,2026-06,HL,Home Loan
CUST1008337,2026-07-15,2026-07,2026-06,CC,Credit Card
CUST1008682,2026-07-15,2026-07,2026-06,CC,Credit Card
CUST1008751,2026-07-15,2026-07,2026-06,PL,Personal Loan
CUST1011059,2026-07-15,2026-07,2026-06,RD,Recurring Deposit
CUST1012006,2026-07-15,2026-07,2026-06,MF,Mutual Fund
CUST1012250,2026-07-15,2026-07,2026-06,PL,Personal Loan
CUST1012307,2026-07-15,2026-07,2026-06,HL,Home Loan
CUST1012439,2026-07-15,2026-07,2026-06,MF,Mutual Fund
CUST1012632,2026-07-15,2026-07,2026-06,PL,Personal Loan
CUST1013548,2026-07-15,2026-07,2026-06,PL,Personal Loan
CUST1013737,2026-07-15,2026-07,2026-06,SA,Savings Account
CUST1000636,2026-07-16,2026-07,2026-06,RD,Recurring Deposit
CUST1000732,2026-07-16,2026-07,2026-06,PL,Personal Loan
CUST1000855,2026-07-16,2026-07,2026-06,PL,Personal Loan
CUST1001505,2026-07-16,2026-07,2026-06,RD,Recurring Deposit
CUST1001821,2026-07-16,2026-07,2026-06,RD,Recurring Deposit
CUST1001889,2026-07-16,2026-07,2026-06,RD,Recurring Deposit
CUST1002273,2026-07-16,2026-07,2026-06,CC,Credit Card
CUST1002446,2026-07-16,2026-07,2026-06,CC,Credit Card
CUST1002560,2026-07-16,2026-07,2026-06,PL,Personal Loan
CUST1003471,2026-07-16,2026-07,2026-06,PL,Personal Loan
CUST1004098,2026-07-16,2026-07,2026-06,PL,Personal Loan
CUST1004796,2026-07-16,2026-07,2026-06,MF,Mutual Fund
CUST1005018,2026-07-16,2026-07,2026-06,CC,Credit Card
CUST1006006,2026-07-16,2026-07,2026-06,HL,Home Loan
CUST1006373,2026-07-16,2026-07,2026-06,MF,Mutual Fund
CUST1007388,2026-07-16,2026-07,2026-06,MF,Mutual Fund
CUST1007656,2026-07-16,2026-07,2026-06,CC,Credit Card
CUST1007726,2026-07-16,2026-07,2026-06,RD,Recurring Deposit
CUST1007753,2026-07-16,2026-07,2026-06,RD,Recurring Deposit
CUST1007977,2026-07-16,2026-07,2026-06,PL,Personal Loan
CUST1008190,2026-07-16,2026-07,2026-06,MF,Mutual Fund
CUST1008413,2026-07-16,2026-07,2026-06,RD,Recurring Deposit
CUST1009147,2026-07-16,2026-07,2026-06,PL,Personal Loan
CUST1009564,2026-07-16,2026-07,2026-06,MF,Mutual Fund
CUST1009872,2026-07-16,2026-07,2026-06,HL,Home Loan
CUST1010261,2026-07-16,2026-07,2026-06,PL,Personal Loan
CUST1010620,2026-07-16,2026-07,2026-06,PL,Personal Loan
CUST1012148,2026-07-16,2026-07,2026-06,MF,Mutual Fund
CUST1012187,2026-07-16,2026-07,2026-06,PL,Personal Loan
CUST1012356,2026-07-16,2026-07,2026-06,RD,Recurring Deposit
CUST1012839,2026-07-16,2026-07,2026-06,CC,Credit Card
CUST1013019,2026-07-16,2026-07,2026-06,MF,Mutual Fund
CUST1013316,2026-07-16,2026-07,2026-06,RD,Recurring Deposit
CUST1014541,2026-07-16,2026-07,2026-06,CC,Credit Card
CUST1014703,2026-07-16,2026-07,2026-06,SA,Savings Account
CUST1000368,2026-07-17,2026-07,2026-06,CC,Credit Card
CUST1000780,2026-07-17,2026-07,2026-06,PL,Personal Loan
CUST1001198,2026-07-17,2026-07,2026-06,PL,Personal Loan
CUST1001322,2026-07-17,2026-07,2026-06,PL,Personal Loan
CUST1001349,2026-07-17,2026-07,2026-06,CC,Credit Card
CUST1001715,2026-07-17,2026-07,2026-06,PL,Personal Loan
CUST1002131,2026-07-17,2026-07,2026-06,PL,Personal Loan
CUST1002314,2026-07-17,2026-07,2026-06,MF,Mutual Fund
CUST1002419,2026-07-17,2026-07,2026-06,PL,Personal Loan
CUST1002693,2026-07-17,2026-07,2026-06,PL,Personal Loan
CUST1003019,2026-07-17,2026-07,2026-06,HL,Home Loan
CUST1004592,2026-07-17,2026-07,2026-06,PL,Personal Loan
CUST1004650,2026-07-17,2026-07,2026-06,PL,Personal Loan
CUST1004997,2026-07-17,2026-07,2026-06,SA,Savings Account
CUST1005135,2026-07-17,2026-07,2026-06,CC,Credit Card
CUST1005394,2026-07-17,2026-07,2026-06,HL,Home Loan
CUST1005616,2026-07-17,2026-07,2026-06,PL,Personal Loan
CUST1005784,2026-07-17,2026-07,2026-06,RD,Recurring Deposit
CUST1006332,2026-07-17,2026-07,2026-06,MF,Mutual Fund
CUST1006471,2026-07-17,2026-07,2026-06,HL,Home Loan
CUST1007178,2026-07-17,2026-07,2026-06,MF,Mutual Fund
CUST1007220,2026-07-17,2026-07,2026-06,CC,Credit Card
CUST1007313,2026-07-17,2026-07,2026-06,HL,Home Loan
CUST1007598,2026-07-17,2026-07,2026-06,RD,Recurring Deposit
CUST1007614,2026-07-17,2026-07,2026-06,RD,Recurring Deposit
CUST1008051,2026-07-17,2026-07,2026-06,PL,Personal Loan
CUST1008093,2026-07-17,2026-07,2026-06,RD,Recurring Deposit
CUST1008501,2026-07-17,2026-07,2026-06,HL,Home Loan
CUST1008930,2026-07-17,2026-07,2026-06,MF,Mutual Fund
CUST1009062,2026-07-17,2026-07,2026-06,MF,Mutual Fund
CUST1009395,2026-07-17,2026-07,2026-06,PL,Personal Loan
CUST1009459,2026-07-17,2026-07,2026-06,MF,Mutual Fund
CUST1010123,2026-07-17,2026-07,2026-06,CC,Credit Card
CUST1010132,2026-07-17,2026-07,2026-06,PL,Personal Loan
CUST1010685,2026-07-17,2026-07,2026-06,CC,Credit Card
CUST1010714,2026-07-17,2026-07,2026-06,RD,Recurring Deposit
CUST1010803,2026-07-17,2026-07,2026-06,MF,Mutual Fund
CUST1011174,2026-07-17,2026-07,2026-06,CC,Credit Card
CUST1011366,2026-07-17,2026-07,2026-06,CC,Credit Card
CUST1011400,2026-07-17,2026-07,2026-06,CC,Credit Card
CUST1012272,2026-07-17,2026-07,2026-06,HL,Home Loan
CUST1012360,2026-07-17,2026-07,2026-06,MF,Mutual Fund
CUST1013448,2026-07-17,2026-07,2026-06,SA,Savings Account
CUST1000033,2026-07-18,2026-07,2026-06,PL,Personal Loan
CUST1000266,2026-07-18,2026-07,2026-06,PL,Personal Loan
CUST1000820,2026-07-18,2026-07,2026-06,RD,Recurring Deposit
CUST1001228,2026-07-18,2026-07,2026-06,RD,Recurring Deposit
CUST1002777,2026-07-18,2026-07,2026-06,RD,Recurring Deposit
CUST1002791,2026-07-18,2026-07,2026-06,CC,Credit Card
CUST1003425,2026-07-18,2026-07,2026-06,RD,Recurring Deposit
CUST1003868,2026-07-18,2026-07,2026-06,CC,Credit Card
CUST1003875,2026-07-18,2026-07,2026-06,RD,Recurring Deposit
CUST1004410,2026-07-18,2026-07,2026-06,RD,Recurring Deposit
CUST1004902,2026-07-18,2026-07,2026-06,PL,Personal Loan
CUST1005146,2026-07-18,2026-07,2026-06,MF,Mutual Fund
CUST1005359,2026-07-18,2026-07,2026-06,MF,Mutual Fund
CUST1005395,2026-07-18,2026-07,2026-06,PL,Personal Loan
CUST1006402,2026-07-18,2026-07,2026-06,MF,Mutual Fund
CUST1006579,2026-07-18,2026-07,2026-06,CC,Credit Card
CUST1006709,2026-07-18,2026-07,2026-06,CC,Credit Card
CUST1007169,2026-07-18,2026-07,2026-06,MF,Mutual Fund
CUST1007827,2026-07-18,2026-07,2026-06,RD,Recurring Deposit
CUST1007892,2026-07-18,2026-07,2026-06,CC,Credit Card
CUST1008324,2026-07-18,2026-07,2026-06,RD,Recurring Deposit
CUST1008614,2026-07-18,2026-07,2026-06,MF,Mutual Fund
CUST1009163,2026-07-18,2026-07,2026-06,CC,Credit Card
CUST1009185,2026-07-18,2026-07,2026-06,RD,Recurring Deposit
CUST1009310,2026-07-18,2026-07,2026-06,MF,Mutual Fund
CUST1009354,2026-07-18,2026-07,2026-06,PL,Personal Loan
CUST1010000,2026-07-18,2026-07,2026-06,RD,Recurring Deposit
CUST1010573,2026-07-18,2026-07,2026-06,HL,Home Loan
CUST1010880,2026-07-18,2026-07,2026-06,PL,Personal Loan
CUST1011122,2026-07-18,2026-07,2026-06,MF,Mutual Fund
CUST1011159,2026-07-18,2026-07,2026-06,CC,Credit Card
CUST1011228,2026-07-18,2026-07,2026-06,MF,Mutual Fund
CUST1011242,2026-07-18,2026-07,2026-06,CC,Credit Card
CUST1011350,2026-07-18,2026-07,2026-06,PL,Personal Loan
CUST1011484,2026-07-18,2026-07,2026-06,RD,Recurring Deposit
CUST1011527,2026-07-18,2026-07,2026-06,PL,Personal Loan
CUST1011789,2026-07-18,2026-07,2026-06,RD,Recurring Deposit
CUST1012455,2026-07-18,2026-07,2026-06,MF,Mutual Fund
CUST1012489,2026-07-18,2026-07,2026-06,SA,Savings Account
CUST1012674,2026-07-18,2026-07,2026-06,PL,Personal Loan
CUST1012750,2026-07-18,2026-07,2026-06,RD,Recurring Deposit
CUST1012854,2026-07-18,2026-07,2026-06,PL,Personal Loan
CUST1012968,2026-07-18,2026-07,2026-06,PL,Personal Loan
CUST1013802,2026-07-18,2026-07,2026-06,PL,Personal Loan
CUST1013887,2026-07-18,2026-07,2026-06,CC,Credit Card
CUST1014412,2026-07-18,2026-07,2026-06,RD,Recurring Deposit
CUST1014553,2026-07-18,2026-07,2026-06,RD,Recurring Deposit
CUST1014713,2026-07-18,2026-07,2026-06,CC,Credit Card
CUST1014735,2026-07-18,2026-07,2026-06,RD,Recurring Deposit
CUST1014902,2026-07-18,2026-07,2026-06,MF,Mutual Fund
CUST1014916,2026-07-18,2026-07,2026-06,HL,Home Loan
CUST1000073,2026-07-19,2026-07,2026-06,PL,Personal Loan
CUST1000698,2026-07-19,2026-07,2026-06,CC,Credit Card
CUST1001543,2026-07-19,2026-07,2026-06,HL,Home Loan
CUST1002719,2026-07-19,2026-07,2026-06,MF,Mutual Fund
CUST1002786,2026-07-19,2026-07,2026-06,PL,Personal Loan
CUST1003694,2026-07-19,2026-07,2026-06,CC,Credit Card
CUST1003932,2026-07-19,2026-07,2026-06,RD,Recurring Deposit
CUST1004121,2026-07-19,2026-07,2026-06,MF,Mutual Fund
CUST1004470,2026-07-19,2026-07,2026-06,CC,Credit Card
CUST1004844,2026-07-19,2026-07,2026-06,PL,Personal Loan
CUST1005994,2026-07-19,2026-07,2026-06,MF,Mutual Fund
CUST1006100,2026-07-19,2026-07,2026-06,CC,Credit Card
CUST1007237,2026-07-19,2026-07,2026-06,MF,Mutual Fund
CUST1007447,2026-07-19,2026-07,2026-06,RD,Recurring Deposit
CUST1008206,2026-07-19,2026-07,2026-06,MF,Mutual Fund
CUST1009106,2026-07-19,2026-07,2026-06,CC,Credit Card
CUST1010376,2026-07-19,2026-07,2026-06,RD,Recurring Deposit
CUST1010388,2026-07-19,2026-07,2026-06,HL,Home Loan
CUST1010459,2026-07-19,2026-07,2026-06,CC,Credit Card
CUST1011142,2026-07-19,2026-07,2026-06,HL,Home Loan
CUST1011182,2026-07-19,2026-07,2026-06,PL,Personal Loan
CUST1011332,2026-07-19,2026-07,2026-06,RD,Recurring Deposit
CUST1012143,2026-07-19,2026-07,2026-06,RD,Recurring Deposit
CUST1012387,2026-07-19,2026-07,2026-06,MF,Mutual Fund
CUST1013290,2026-07-19,2026-07,2026-06,MF,Mutual Fund
CUST1013654,2026-07-19,2026-07,2026-06,MF,Mutual Fund
CUST1000307,2026-07-20,2026-07,2026-06,PL,Personal Loan
CUST1000528,2026-07-20,2026-07,2026-06,CC,Credit Card
CUST1000672,2026-07-20,2026-07,2026-06,RD,Recurring Deposit
CUST1000814,2026-07-20,2026-07,2026-06,PL,Personal Loan
CUST1001142,2026-07-20,2026-07,2026-06,CC,Credit Card
CUST1001429,2026-07-20,2026-07,2026-06,RD,Recurring Deposit
CUST1002119,2026-07-20,2026-07,2026-06,CC,Credit Card
CUST1002485,2026-07-20,2026-07,2026-06,HL,Home Loan
CUST1002550,2026-07-20,2026-07,2026-06,PL,Personal Loan
CUST1003059,2026-07-20,2026-07,2026-06,PL,Personal Loan
CUST1003192,2026-07-20,2026-07,2026-06,HL,Home Loan
CUST1003215,2026-07-20,2026-07,2026-06,PL,Personal Loan
CUST1004291,2026-07-20,2026-07,2026-06,PL,Personal Loan
CUST1004564,2026-07-20,2026-07,2026-06,CC,Credit Card
CUST1004712,2026-07-20,2026-07,2026-06,SA,Savings Account
CUST1005017,2026-07-20,2026-07,2026-06,RD,Recurring Deposit
CUST1005116,2026-07-20,2026-07,2026-06,PL,Personal Loan
CUST1005428,2026-07-20,2026-07,2026-06,PL,Personal Loan
CUST1005782,2026-07-20,2026-07,2026-06,MF,Mutual Fund
CUST1006769,2026-07-20,2026-07,2026-06,MF,Mutual Fund
CUST1006854,2026-07-20,2026-07,2026-06,MF,Mutual Fund
CUST1007378,2026-07-20,2026-07,2026-06,MF,Mutual Fund
CUST1007535,2026-07-20,2026-07,2026-06,RD,Recurring Deposit
CUST1008173,2026-07-20,2026-07,2026-06,CC,Credit Card
CUST1009013,2026-07-20,2026-07,2026-06,PL,Personal Loan
CUST1009171,2026-07-20,2026-07,2026-06,MF,Mutual Fund
CUST1009220,2026-07-20,2026-07,2026-06,PL,Personal Loan
CUST1009300,2026-07-20,2026-07,2026-06,CC,Credit Card
CUST1009664,2026-07-20,2026-07,2026-06,CC,Credit Card
CUST1009758,2026-07-20,2026-07,2026-06,CC,Credit Card
CUST1010683,2026-07-20,2026-07,2026-06,MF,Mutual Fund
CUST1011052,2026-07-20,2026-07,2026-06,PL,Personal Loan
CUST1011374,2026-07-20,2026-07,2026-06,CC,Credit Card
CUST1011745,2026-07-20,2026-07,2026-06,PL,Personal Loan
CUST1012059,2026-07-20,2026-07,2026-06,PL,Personal Loan
CUST1012741,2026-07-20,2026-07,2026-06,PL,Personal Loan
CUST1012840,2026-07-20,2026-07,2026-06,PL,Personal Loan
CUST1012843,2026-07-20,2026-07,2026-06,PL,Personal Loan
CUST1013265,2026-07-20,2026-07,2026-06,PL,Personal Loan
CUST1013528,2026-07-20,2026-07,2026-06,CC,Credit Card
CUST1014057,2026-07-20,2026-07,2026-06,CC,Credit Card
CUST1014223,2026-07-20,2026-07,2026-06,PL,Personal Loan
CUST1014242,2026-07-20,2026-07,2026-06,PL,Personal Loan
CUST1014345,2026-07-20,2026-07,2026-06,MF,Mutual Fund
CUST1014461,2026-07-20,2026-07,2026-06,RD,Recurring Deposit
CUST1000434,2026-07-21,2026-07,2026-06,CC,Credit Card
CUST1000613,2026-07-21,2026-07,2026-06,CC,Credit Card
CUST1000840,2026-07-21,2026-07,2026-06,PL,Personal Loan
CUST1001813,2026-07-21,2026-07,2026-06,CC,Credit Card
CUST1002141,2026-07-21,2026-07,2026-06,HL,Home Loan
CUST1002351,2026-07-21,2026-07,2026-06,MF,Mutual Fund
CUST1002529,2026-07-21,2026-07,2026-06,PL,Personal Loan
CUST1002597,2026-07-21,2026-07,2026-06,MF,Mutual Fund
CUST1002909,2026-07-21,2026-07,2026-06,CC,Credit Card
CUST1003008,2026-07-21,2026-07,2026-06,MF,Mutual Fund
CUST1003100,2026-07-21,2026-07,2026-06,HL,Home Loan
CUST1003451,2026-07-21,2026-07,2026-06,MF,Mutual Fund
CUST1003466,2026-07-21,2026-07,2026-06,HL,Home Loan
CUST1003741,2026-07-21,2026-07,2026-06,PL,Personal Loan
CUST1003813,2026-07-21,2026-07,2026-06,PL,Personal Loan
CUST1004068,2026-07-21,2026-07,2026-06,CC,Credit Card
CUST1004495,2026-07-21,2026-07,2026-06,HL,Home Loan
CUST1005059,2026-07-21,2026-07,2026-06,MF,Mutual Fund
CUST1005369,2026-07-21,2026-07,2026-06,CC,Credit Card
CUST1005487,2026-07-21,2026-07,2026-06,PL,Personal Loan
CUST1005535,2026-07-21,2026-07,2026-06,RD,Recurring Deposit
CUST1006008,2026-07-21,2026-07,2026-06,HL,Home Loan
CUST1006039,2026-07-21,2026-07,2026-06,CC,Credit Card
CUST1007086,2026-07-21,2026-07,2026-06,PL,Personal Loan
CUST1007443,2026-07-21,2026-07,2026-06,CC,Credit Card
CUST1007782,2026-07-21,2026-07,2026-06,CC,Credit Card
CUST1007972,2026-07-21,2026-07,2026-06,CC,Credit Card
CUST1008020,2026-07-21,2026-07,2026-06,CC,Credit Card
CUST1008039,2026-07-21,2026-07,2026-06,MF,Mutual Fund
CUST1008159,2026-07-21,2026-07,2026-06,PL,Personal Loan
CUST1009462,2026-07-21,2026-07,2026-06,MF,Mutual Fund
CUST1009725,2026-07-21,2026-07,2026-06,MF,Mutual Fund
CUST1009736,2026-07-21,2026-07,2026-06,HL,Home Loan
CUST1010508,2026-07-21,2026-07,2026-06,MF,Mutual Fund
CUST1010892,2026-07-21,2026-07,2026-06,HL,Home Loan
CUST1011305,2026-07-21,2026-07,2026-06,RD,Recurring Deposit
CUST1011705,2026-07-21,2026-07,2026-06,CC,Credit Card
CUST1012477,2026-07-21,2026-07,2026-06,CC,Credit Card
CUST1013135,2026-07-21,2026-07,2026-06,HL,Home Loan
CUST1013565,2026-07-21,2026-07,2026-06,RD,Recurring Deposit
CUST1013689,2026-07-21,2026-07,2026-06,MF,Mutual Fund
CUST1014075,2026-07-21,2026-07,2026-06,MF,Mutual Fund
CUST1014119,2026-07-21,2026-07,2026-06,CC,Credit Card
CUST1014150,2026-07-21,2026-07,2026-06,RD,Recurring Deposit
CUST1014564,2026-07-21,2026-07,2026-06,PL,Personal Loan
CUST1000057,2026-07-22,2026-07,2026-06,RD,Recurring Deposit
CUST1000577,2026-07-22,2026-07,2026-06,PL,Personal Loan
CUST1001865,2026-07-22,2026-07,2026-06,RD,Recurring Deposit
CUST1002240,2026-07-22,2026-07,2026-06,RD,Recurring Deposit
CUST1002602,2026-07-22,2026-07,2026-06,HL,Home Loan
CUST1002605,2026-07-22,2026-07,2026-06,HL,Home Loan
CUST1002632,2026-07-22,2026-07,2026-06,MF,Mutual Fund
CUST1002801,2026-07-22,2026-07,2026-06,MF,Mutual Fund
CUST1003175,2026-07-22,2026-07,2026-06,CC,Credit Card
CUST1003410,2026-07-22,2026-07,2026-06,RD,Recurring Deposit
CUST1003655,2026-07-22,2026-07,2026-06,MF,Mutual Fund
CUST1003770,2026-07-22,2026-07,2026-06,MF,Mutual Fund
CUST1003783,2026-07-22,2026-07,2026-06,MF,Mutual Fund
CUST1004575,2026-07-22,2026-07,2026-06,RD,Recurring Deposit
CUST1004577,2026-07-22,2026-07,2026-06,PL,Personal Loan
CUST1004635,2026-07-22,2026-07,2026-06,PL,Personal Loan
CUST1004723,2026-07-22,2026-07,2026-06,CC,Credit Card
CUST1004808,2026-07-22,2026-07,2026-06,MF,Mutual Fund
CUST1004850,2026-07-22,2026-07,2026-06,CC,Credit Card
CUST1005024,2026-07-22,2026-07,2026-06,RD,Recurring Deposit
CUST1007287,2026-07-22,2026-07,2026-06,CC,Credit Card
CUST1007933,2026-07-22,2026-07,2026-06,RD,Recurring Deposit
CUST1008008,2026-07-22,2026-07,2026-06,RD,Recurring Deposit
CUST1008253,2026-07-22,2026-07,2026-06,CC,Credit Card
CUST1008329,2026-07-22,2026-07,2026-06,MF,Mutual Fund
CUST1008679,2026-07-22,2026-07,2026-06,CC,Credit Card
CUST1008702,2026-07-22,2026-07,2026-06,MF,Mutual Fund
CUST1009538,2026-07-22,2026-07,2026-06,HL,Home Loan
CUST1009620,2026-07-22,2026-07,2026-06,MF,Mutual Fund
CUST1009945,2026-07-22,2026-07,2026-06,MF,Mutual Fund
CUST1010885,2026-07-22,2026-07,2026-06,HL,Home Loan
CUST1011085,2026-07-22,2026-07,2026-06,PL,Personal Loan
CUST1011482,2026-07-22,2026-07,2026-06,CC,Credit Card
CUST1011583,2026-07-22,2026-07,2026-06,RD,Recurring Deposit
CUST1011638,2026-07-22,2026-07,2026-06,CC,Credit Card
CUST1012192,2026-07-22,2026-07,2026-06,PL,Personal Loan
CUST1012198,2026-07-22,2026-07,2026-06,MF,Mutual Fund
CUST1012407,2026-07-22,2026-07,2026-06,PL,Personal Loan
CUST1012732,2026-07-22,2026-07,2026-06,CC,Credit Card
CUST1013139,2026-07-22,2026-07,2026-06,RD,Recurring Deposit
CUST1013276,2026-07-22,2026-07,2026-06,PL,Personal Loan
CUST1013952,2026-07-22,2026-07,2026-06,MF,Mutual Fund
CUST1014226,2026-07-22,2026-07,2026-06,MF,Mutual Fund
CUST1014841,2026-07-22,2026-07,2026-06,MF,Mutual Fund
CUST1000662,2026-07-23,2026-07,2026-06,MF,Mutual Fund
CUST1000665,2026-07-23,2026-07,2026-06,MF,Mutual Fund
CUST1001223,2026-07-23,2026-07,2026-06,HL,Home Loan
CUST1001885,2026-07-23,2026-07,2026-06,CC,Credit Card
CUST1002051,2026-07-23,2026-07,2026-06,MF,Mutual Fund
CUST1002088,2026-07-23,2026-07,2026-06,HL,Home Loan
CUST1002357,2026-07-23,2026-07,2026-06,PL,Personal Loan
CUST1002396,2026-07-23,2026-07,2026-06,RD,Recurring Deposit
CUST1003230,2026-07-23,2026-07,2026-06,MF,Mutual Fund
CUST1003368,2026-07-23,2026-07,2026-06,PL,Personal Loan
CUST1003888,2026-07-23,2026-07,2026-06,MF,Mutual Fund
CUST1004037,2026-07-23,2026-07,2026-06,RD,Recurring Deposit
CUST1004551,2026-07-23,2026-07,2026-06,CC,Credit Card
CUST1004599,2026-07-23,2026-07,2026-06,CC,Credit Card
CUST1004677,2026-07-23,2026-07,2026-06,PL,Personal Loan
CUST1004776,2026-07-23,2026-07,2026-06,CC,Credit Card
CUST1005128,2026-07-23,2026-07,2026-06,PL,Personal Loan
CUST1005211,2026-07-23,2026-07,2026-06,PL,Personal Loan
CUST1005237,2026-07-23,2026-07,2026-06,PL,Personal Loan
CUST1005389,2026-07-23,2026-07,2026-06,CC,Credit Card
CUST1005802,2026-07-23,2026-07,2026-06,PL,Personal Loan
CUST1005918,2026-07-23,2026-07,2026-06,MF,Mutual Fund
CUST1006277,2026-07-23,2026-07,2026-06,CC,Credit Card
CUST1006521,2026-07-23,2026-07,2026-06,RD,Recurring Deposit
CUST1006694,2026-07-23,2026-07,2026-06,MF,Mutual Fund
CUST1006760,2026-07-23,2026-07,2026-06,PL,Personal Loan
CUST1007706,2026-07-23,2026-07,2026-06,CC,Credit Card
CUST1008368,2026-07-23,2026-07,2026-06,CC,Credit Card
CUST1008545,2026-07-23,2026-07,2026-06,PL,Personal Loan
CUST1008833,2026-07-23,2026-07,2026-06,MF,Mutual Fund
CUST1009432,2026-07-23,2026-07,2026-06,PL,Personal Loan
CUST1009674,2026-07-23,2026-07,2026-06,HL,Home Loan
CUST1009689,2026-07-23,2026-07,2026-06,HL,Home Loan
CUST1009753,2026-07-23,2026-07,2026-06,PL,Personal Loan
CUST1009836,2026-07-23,2026-07,2026-06,PL,Personal Loan
CUST1009978,2026-07-23,2026-07,2026-06,MF,Mutual Fund
CUST1010374,2026-07-23,2026-07,2026-06,HL,Home Loan
CUST1010480,2026-07-23,2026-07,2026-06,MF,Mutual Fund
CUST1010562,2026-07-23,2026-07,2026-06,SA,Savings Account
CUST1010742,2026-07-23,2026-07,2026-06,CC,Credit Card
CUST1010797,2026-07-23,2026-07,2026-06,PL,Personal Loan
CUST1011105,2026-07-23,2026-07,2026-06,PL,Personal Loan
CUST1011219,2026-07-23,2026-07,2026-06,PL,Personal Loan
CUST1011346,2026-07-23,2026-07,2026-06,PL,Personal Loan
CUST1012092,2026-07-23,2026-07,2026-06,CC,Credit Card
CUST1012234,2026-07-23,2026-07,2026-06,CC,Credit Card
CUST1012265,2026-07-23,2026-07,2026-06,PL,Personal Loan
CUST1012466,2026-07-23,2026-07,2026-06,PL,Personal Loan
CUST1014560,2026-07-23,2026-07,2026-06,MF,Mutual Fund
CUST1014646,2026-07-23,2026-07,2026-06,HL,Home Loan
CUST1014680,2026-07-23,2026-07,2026-06,MF,Mutual Fund
CUST1000455,2026-07-24,2026-07,2026-06,PL,Personal Loan
CUST1000554,2026-07-24,2026-07,2026-06,CC,Credit Card
CUST1000618,2026-07-24,2026-07,2026-06,MF,Mutual Fund
CUST1001044,2026-07-24,2026-07,2026-06,CC,Credit Card
CUST1001580,2026-07-24,2026-07,2026-06,CC,Credit Card
CUST1002253,2026-07-24,2026-07,2026-06,MF,Mutual Fund
CUST1002572,2026-07-24,2026-07,2026-06,CC,Credit Card
CUST1002573,2026-07-24,2026-07,2026-06,MF,Mutual Fund
CUST1002662,2026-07-24,2026-07,2026-06,PL,Personal Loan
CUST1004310,2026-07-24,2026-07,2026-06,PL,Personal Loan
CUST1004622,2026-07-24,2026-07,2026-06,HL,Home Loan
CUST1004674,2026-07-24,2026-07,2026-06,CC,Credit Card
CUST1005459,2026-07-24,2026-07,2026-06,PL,Personal Loan
CUST1005460,2026-07-24,2026-07,2026-06,CC,Credit Card
CUST1005551,2026-07-24,2026-07,2026-06,RD,Recurring Deposit
CUST1005623,2026-07-24,2026-07,2026-06,CC,Credit Card
CUST1006185,2026-07-24,2026-07,2026-06,PL,Personal Loan
CUST1006325,2026-07-24,2026-07,2026-06,RD,Recurring Deposit
CUST1006513,2026-07-24,2026-07,2026-06,MF,Mutual Fund
CUST1007128,2026-07-24,2026-07,2026-06,MF,Mutual Fund
CUST1007839,2026-07-24,2026-07,2026-06,HL,Home Loan
CUST1007883,2026-07-24,2026-07,2026-06,RD,Recurring Deposit
CUST1007996,2026-07-24,2026-07,2026-06,PL,Personal Loan
CUST1008018,2026-07-24,2026-07,2026-06,HL,Home Loan
CUST1008411,2026-07-24,2026-07,2026-06,CC,Credit Card
CUST1009191,2026-07-24,2026-07,2026-06,CC,Credit Card
CUST1009619,2026-07-24,2026-07,2026-06,HL,Home Loan
CUST1010141,2026-07-24,2026-07,2026-06,RD,Recurring Deposit
CUST1010423,2026-07-24,2026-07,2026-06,MF,Mutual Fund
CUST1010536,2026-07-24,2026-07,2026-06,SA,Savings Account
CUST1010980,2026-07-24,2026-07,2026-06,PL,Personal Loan
CUST1011326,2026-07-24,2026-07,2026-06,HL,Home Loan
CUST1011605,2026-07-24,2026-07,2026-06,MF,Mutual Fund
CUST1011779,2026-07-24,2026-07,2026-06,RD,Recurring Deposit
CUST1011956,2026-07-24,2026-07,2026-06,RD,Recurring Deposit
CUST1013936,2026-07-24,2026-07,2026-06,PL,Personal Loan
CUST1014142,2026-07-24,2026-07,2026-06,MF,Mutual Fund
CUST1014151,2026-07-24,2026-07,2026-06,RD,Recurring Deposit
CUST1014285,2026-07-24,2026-07,2026-06,CC,Credit Card
CUST1014794,2026-07-24,2026-07,2026-06,PL,Personal Loan
CUST1000907,2026-07-25,2026-07,2026-06,CC,Credit Card
CUST1001114,2026-07-25,2026-07,2026-06,CC,Credit Card
CUST1001180,2026-07-25,2026-07,2026-06,CC,Credit Card
CUST1001887,2026-07-25,2026-07,2026-06,CC,Credit Card
CUST1002715,2026-07-25,2026-07,2026-06,RD,Recurring Deposit
CUST1003714,2026-07-25,2026-07,2026-06,CC,Credit Card
CUST1003946,2026-07-25,2026-07,2026-06,PL,Personal Loan
CUST1004188,2026-07-25,2026-07,2026-06,MF,Mutual Fund
CUST1005349,2026-07-25,2026-07,2026-06,RD,Recurring Deposit
CUST1005648,2026-07-25,2026-07,2026-06,HL,Home Loan
CUST1005703,2026-07-25,2026-07,2026-06,PL,Personal Loan
CUST1005745,2026-07-25,2026-07,2026-06,HL,Home Loan
CUST1006053,2026-07-25,2026-07,2026-06,RD,Recurring Deposit
CUST1007144,2026-07-25,2026-07,2026-06,PL,Personal Loan
CUST1007560,2026-07-25,2026-07,2026-06,MF,Mutual Fund
CUST1007789,2026-07-25,2026-07,2026-06,PL,Personal Loan
CUST1007951,2026-07-25,2026-07,2026-06,CC,Credit Card
CUST1008467,2026-07-25,2026-07,2026-06,PL,Personal Loan
CUST1009687,2026-07-25,2026-07,2026-06,RD,Recurring Deposit
CUST1010121,2026-07-25,2026-07,2026-06,PL,Personal Loan
CUST1010514,2026-07-25,2026-07,2026-06,CC,Credit Card
CUST1012078,2026-07-25,2026-07,2026-06,RD,Recurring Deposit
CUST1012185,2026-07-25,2026-07,2026-06,PL,Personal Loan
CUST1012815,2026-07-25,2026-07,2026-06,PL,Personal Loan
CUST1012910,2026-07-25,2026-07,2026-06,RD,Recurring Deposit
CUST1013466,2026-07-25,2026-07,2026-06,HL,Home Loan
CUST1013848,2026-07-25,2026-07,2026-06,CC,Credit Card
CUST1013909,2026-07-25,2026-07,2026-06,PL,Personal Loan
CUST1000080,2026-07-26,2026-07,2026-06,CC,Credit Card
CUST1000180,2026-07-26,2026-07,2026-06,HL,Home Loan
CUST1000314,2026-07-26,2026-07,2026-06,CC,Credit Card
CUST1000813,2026-07-26,2026-07,2026-06,PL,Personal Loan
CUST1001053,2026-07-26,2026-07,2026-06,CC,Credit Card
CUST1003125,2026-07-26,2026-07,2026-06,PL,Personal Loan
CUST1003252,2026-07-26,2026-07,2026-06,CC,Credit Card
CUST1003332,2026-07-26,2026-07,2026-06,RD,Recurring Deposit
CUST1004788,2026-07-26,2026-07,2026-06,PL,Personal Loan
CUST1004927,2026-07-26,2026-07,2026-06,PL,Personal Loan
CUST1005775,2026-07-26,2026-07,2026-06,CC,Credit Card
CUST1005813,2026-07-26,2026-07,2026-06,CC,Credit Card
CUST1006073,2026-07-26,2026-07,2026-06,CC,Credit Card
CUST1006240,2026-07-26,2026-07,2026-06,RD,Recurring Deposit
CUST1007340,2026-07-26,2026-07,2026-06,RD,Recurring Deposit
CUST1008022,2026-07-26,2026-07,2026-06,PL,Personal Loan
CUST1008271,2026-07-26,2026-07,2026-06,RD,Recurring Deposit
CUST1008523,2026-07-26,2026-07,2026-06,PL,Personal Loan
CUST1009958,2026-07-26,2026-07,2026-06,PL,Personal Loan
CUST1010011,2026-07-26,2026-07,2026-06,MF,Mutual Fund
CUST1010061,2026-07-26,2026-07,2026-06,RD,Recurring Deposit
CUST1010064,2026-07-26,2026-07,2026-06,MF,Mutual Fund
CUST1010096,2026-07-26,2026-07,2026-06,CC,Credit Card
CUST1010276,2026-07-26,2026-07,2026-06,PL,Personal Loan
CUST1010424,2026-07-26,2026-07,2026-06,CC,Credit Card
CUST1010756,2026-07-26,2026-07,2026-06,RD,Recurring Deposit
CUST1011213,2026-07-26,2026-07,2026-06,PL,Personal Loan
CUST1011257,2026-07-26,2026-07,2026-06,PL,Personal Loan
CUST1011290,2026-07-26,2026-07,2026-06,SA,Savings Account
CUST1011441,2026-07-26,2026-07,2026-06,MF,Mutual Fund
CUST1012082,2026-07-26,2026-07,2026-06,CC,Credit Card
CUST1013020,2026-07-26,2026-07,2026-06,PL,Personal Loan
CUST1013053,2026-07-26,2026-07,2026-06,SA,Savings Account
CUST1013150,2026-07-26,2026-07,2026-06,MF,Mutual Fund
CUST1014183,2026-07-26,2026-07,2026-06,CC,Credit Card
CUST1014717,2026-07-26,2026-07,2026-06,MF,Mutual Fund
CUST1014951,2026-07-26,2026-07,2026-06,CC,Credit Card
CUST1000684,2026-07-27,2026-07,2026-06,CC,Credit Card
CUST1000973,2026-07-27,2026-07,2026-06,PL,Personal Loan
CUST1001151,2026-07-27,2026-07,2026-06,MF,Mutual Fund
CUST1001305,2026-07-27,2026-07,2026-06,PL,Personal Loan
CUST1001427,2026-07-27,2026-07,2026-06,PL,Personal Loan
CUST1001433,2026-07-27,2026-07,2026-06,RD,Recurring Deposit
CUST1001476,2026-07-27,2026-07,2026-06,CC,Credit Card
CUST1001510,2026-07-27,2026-07,2026-06,MF,Mutual Fund
CUST1001562,2026-07-27,2026-07,2026-06,PL,Personal Loan
CUST1001607,2026-07-27,2026-07,2026-06,CC,Credit Card
CUST1002432,2026-07-27,2026-07,2026-06,CC,Credit Card
CUST1002508,2026-07-27,2026-07,2026-06,PL,Personal Loan
CUST1002709,2026-07-27,2026-07,2026-06,RD,Recurring Deposit
CUST1002752,2026-07-27,2026-07,2026-06,SA,Savings Account
CUST1003235,2026-07-27,2026-07,2026-06,CC,Credit Card
CUST1003253,2026-07-27,2026-07,2026-06,RD,Recurring Deposit
CUST1003270,2026-07-27,2026-07,2026-06,MF,Mutual Fund
CUST1003459,2026-07-27,2026-07,2026-06,PL,Personal Loan
CUST1003482,2026-07-27,2026-07,2026-06,PL,Personal Loan
CUST1004619,2026-07-27,2026-07,2026-06,CC,Credit Card
CUST1004668,2026-07-27,2026-07,2026-06,CC,Credit Card
CUST1004857,2026-07-27,2026-07,2026-06,CC,Credit Card
CUST1005061,2026-07-27,2026-07,2026-06,RD,Recurring Deposit
CUST1005167,2026-07-27,2026-07,2026-06,CC,Credit Card
CUST1006210,2026-07-27,2026-07,2026-06,PL,Personal Loan
CUST1006214,2026-07-27,2026-07,2026-06,PL,Personal Loan
CUST1006493,2026-07-27,2026-07,2026-06,MF,Mutual Fund
CUST1006668,2026-07-27,2026-07,2026-06,CC,Credit Card
CUST1007295,2026-07-27,2026-07,2026-06,PL,Personal Loan
CUST1008094,2026-07-27,2026-07,2026-06,CC,Credit Card
CUST1008886,2026-07-27,2026-07,2026-06,MF,Mutual Fund
CUST1009020,2026-07-27,2026-07,2026-06,CC,Credit Card
CUST1009266,2026-07-27,2026-07,2026-06,CC,Credit Card
CUST1009343,2026-07-27,2026-07,2026-06,PL,Personal Loan
CUST1010013,2026-07-27,2026-07,2026-06,CC,Credit Card
CUST1010315,2026-07-27,2026-07,2026-06,CC,Credit Card
CUST1010929,2026-07-27,2026-07,2026-06,RD,Recurring Deposit
CUST1011190,2026-07-27,2026-07,2026-06,RD,Recurring Deposit
CUST1011672,2026-07-27,2026-07,2026-06,CC,Credit Card
CUST1012977,2026-07-27,2026-07,2026-06,PL,Personal Loan
CUST1013029,2026-07-27,2026-07,2026-06,CC,Credit Card
CUST1013307,2026-07-27,2026-07,2026-06,PL,Personal Loan
CUST1013544,2026-07-27,2026-07,2026-06,HL,Home Loan
CUST1014816,2026-07-27,2026-07,2026-06,CC,Credit Card
CUST1014830,2026-07-27,2026-07,2026-06,CC,Credit Card
CUST1000194,2026-07-28,2026-07,2026-06,HL,Home Loan
CUST1000230,2026-07-28,2026-07,2026-06,CC,Credit Card
CUST1000863,2026-07-28,2026-07,2026-06,RD,Recurring Deposit
CUST1000922,2026-07-28,2026-07,2026-06,MF,Mutual Fund
CUST1001769,2026-07-28,2026-07,2026-06,CC,Credit Card
CUST1002017,2026-07-28,2026-07,2026-06,SA,Savings Account
CUST1002190,2026-07-28,2026-07,2026-06,CC,Credit Card
CUST1002246,2026-07-28,2026-07,2026-06,MF,Mutual Fund
CUST1003070,2026-07-28,2026-07,2026-06,MF,Mutual Fund
CUST1003090,2026-07-28,2026-07,2026-06,RD,Recurring Deposit
CUST1003176,2026-07-28,2026-07,2026-06,PL,Personal Loan
CUST1003736,2026-07-28,2026-07,2026-06,RD,Recurring Deposit
CUST1003784,2026-07-28,2026-07,2026-06,RD,Recurring Deposit
CUST1004231,2026-07-28,2026-07,2026-06,RD,Recurring Deposit
CUST1004290,2026-07-28,2026-07,2026-06,PL,Personal Loan
CUST1004688,2026-07-28,2026-07,2026-06,RD,Recurring Deposit
CUST1004805,2026-07-28,2026-07,2026-06,MF,Mutual Fund
CUST1005053,2026-07-28,2026-07,2026-06,PL,Personal Loan
CUST1005166,2026-07-28,2026-07,2026-06,MF,Mutual Fund
CUST1005391,2026-07-28,2026-07,2026-06,CC,Credit Card
CUST1006270,2026-07-28,2026-07,2026-06,CC,Credit Card
CUST1006434,2026-07-28,2026-07,2026-06,PL,Personal Loan
CUST1006533,2026-07-28,2026-07,2026-06,PL,Personal Loan
CUST1007164,2026-07-28,2026-07,2026-06,MF,Mutual Fund
CUST1007433,2026-07-28,2026-07,2026-06,RD,Recurring Deposit
CUST1007709,2026-07-28,2026-07,2026-06,RD,Recurring Deposit
CUST1007817,2026-07-28,2026-07,2026-06,MF,Mutual Fund
CUST1008066,2026-07-28,2026-07,2026-06,CC,Credit Card
CUST1008529,2026-07-28,2026-07,2026-06,PL,Personal Loan
CUST1008764,2026-07-28,2026-07,2026-06,PL,Personal Loan
CUST1008998,2026-07-28,2026-07,2026-06,CC,Credit Card
CUST1009257,2026-07-28,2026-07,2026-06,PL,Personal Loan
CUST1009414,2026-07-28,2026-07,2026-06,MF,Mutual Fund
CUST1009540,2026-07-28,2026-07,2026-06,RD,Recurring Deposit
CUST1009989,2026-07-28,2026-07,2026-06,MF,Mutual Fund
CUST1010030,2026-07-28,2026-07,2026-06,HL,Home Loan
CUST1010065,2026-07-28,2026-07,2026-06,CC,Credit Card
CUST1010505,2026-07-28,2026-07,2026-06,MF,Mutual Fund
CUST1010532,2026-07-28,2026-07,2026-06,CC,Credit Card
CUST1010554,2026-07-28,2026-07,2026-06,PL,Personal Loan
CUST1010618,2026-07-28,2026-07,2026-06,MF,Mutual Fund
CUST1010758,2026-07-28,2026-07,2026-06,RD,Recurring Deposit
CUST1011264,2026-07-28,2026-07,2026-06,RD,Recurring Deposit
CUST1011595,2026-07-28,2026-07,2026-06,RD,Recurring Deposit
CUST1011929,2026-07-28,2026-07,2026-06,CC,Credit Card
CUST1012745,2026-07-28,2026-07,2026-06,CC,Credit Card
CUST1014284,2026-07-28,2026-07,2026-06,CC,Credit Card
CUST1014330,2026-07-28,2026-07,2026-06,CC,Credit Card
CUST1014340,2026-07-28,2026-07,2026-06,SA,Savings Account
CUST1014419,2026-07-28,2026-07,2026-06,CC,Credit Card
